candidate,info,winner,award_name,year,page,label,work_uuid,agent_uuid
The Devil's Playground,Fred Schepisi,True,Best Film sponsored by the Australian Film Comission and The Bulletin,1976,feature-film,The Devil's Playground (1976),2325ab2f-0ac4-4f59-96e0-3f17faed105a,b80121d1-23bd-41c3-85fc-1cc0264596c5
Picnic at Hanging Rock,Patricia Lovell,False,Best Film sponsored by the Australian Film Comission and The Bulletin,1976,feature-film,Picnic at Hanging Rock (1976),1c17ae58-10da-45cd-b76c-e9633e170479,c6a6eabc-c4fc-4160-a261-1c6904a14077
Picnic at Hanging Rock,Hal McElroy,False,Best Film sponsored by the Australian Film Comission and The Bulletin,1976,feature-film,Picnic at Hanging Rock (1976),1c17ae58-10da-45cd-b76c-e9633e170479,34395e0d-8e89-4382-b852-920b0134da85
Picnic at Hanging Rock,Jim McElroy,False,Best Film sponsored by the Australian Film Comission and The Bulletin,1976,feature-film,Picnic at Hanging Rock (1976),1c17ae58-10da-45cd-b76c-e9633e170479,06754f19-313d-4142-a15b-2ed467cbeaa2
Break Of Day,Patricia Lovell,False,Best Film sponsored by the Australian Film Commission and Cinema International Corporation,1977,feature-film,Break Of Day (1977),ba6eef73-d52d-4652-969a-ba27f7800879,c6a6eabc-c4fc-4160-a261-1c6904a14077
Don's Party,Phillip Adams,False,Best Film sponsored by the Australian Film Commission and Cinema International Corporation,1977,feature-film,Don's Party (1977),46951f52-c22d-46e0-b2ac-a6aa9ba51428,53026cac-9d83-4753-b7af-520ce81de63a
The Picture Show Man,Joan Long,False,Best Film sponsored by the Australian Film Commission and Cinema International Corporation,1977,feature-film,The Picture Show Man (1977),1807d77a-067c-443a-af12-53cd3cd35114,9e695067-581d-48c7-94da-5c2589b51f1d
Storm Boy,Matt Carroll,True,Best Film sponsored by the Australian Film Commission and Cinema International Corporation,1977,feature-film,Storm Boy (1977),20f4cfc5-1b7e-4a70-8cb8-03bc40275a1e,6976b45b-ddbc-42e6-8612-303334b2ba86
Mouth To Mouth,John Duigan,False,Best Film sponsored by the Australian Film Commission and the South Australian Government,1978,feature-film,Mouth To Mouth (1978),202fb98e-60cb-45d6-9abe-600b8d368efc,6948d911-33bf-4232-a532-7be2b6ffd4c5
Mouth To Mouth,Jon Sainken,False,Best Film sponsored by the Australian Film Commission and the South Australian Government,1978,feature-film,Mouth To Mouth (1978),202fb98e-60cb-45d6-9abe-600b8d368efc,91cd023d-9414-4255-b217-7920e6e5411b
Newsfront,David Elfick,True,Best Film sponsored by the Australian Film Commission and the South Australian Government,1978,feature-film,Newsfront (1978),5792bf8c-2bbb-43be-b91d-9c6d69b0eb5a,b4ebfd27-302a-4a8c-94f9-d28bda8b69e8
Patrick,Antony I. Ginnane,False,Best Film sponsored by the Australian Film Commission and the South Australian Government,1978,feature-film,Patrick (1978),74ae818e-a2f0-416b-becc-45f89c71a224,d66d122b-f3fc-44bc-bc14-cc99955164d4
Patrick,Richard Franklin,False,Best Film sponsored by the Australian Film Commission and the South Australian Government,1978,feature-film,Patrick (1978),74ae818e-a2f0-416b-becc-45f89c71a224,3f396551-2052-4a29-a959-5c3923dee9cc
Cathy's Child,Tom Oliver,False,Best Film sponsored by the Australian Film Commission and the South Australian Government,1979,feature-film,Cathy's Child (1979),3a6a106c-a5db-495b-8c6d-0988ff22bb35,11651b91-02bb-42a6-b7dd-ab999c1e1a2f
Cathy's Child,Errol Sullivan,False,Best Film sponsored by the Australian Film Commission and the South Australian Government,1979,feature-film,Cathy's Child (1979),3a6a106c-a5db-495b-8c6d-0988ff22bb35,77e9b576-b858-4cff-90cf-1e54cc5eff61
In Search Of Anna,Esben Storm,False,Best Film sponsored by the Australian Film Commission and the South Australian Government,1979,feature-film,In Search Of Anna (1979),f4fd3dfb-4858-4bd2-b5e9-ca82581dded3,5567190f-34c4-4f78-ace5-e7dfdca1c6a5
Mad Max,Byron Kennedy,False,Best Film sponsored by the Australian Film Commission and the South Australian Government,1979,feature-film,Mad Max (1979),decd00cb-686e-4929-a210-eb08f1370d69,8809278a-da1a-4016-b5b8-54927486e542
My Brilliant Career,Margaret Fink,True,Best Film sponsored by the Australian Film Commission and the South Australian Government,1979,feature-film,My Brilliant Career (1979),5628cb15-10f7-4878-afb8-960f410e8a18,7b23ce42-de23-4b57-a29e-28e6f4ba3aeb
Breaker Morant,Matthew Carroll,True,Best Film sponsored by the Australian Film Commission,1980,feature-film,Breaker Morant (1980),1168e3f6-f438-4ab9-9132-799b0f8be504,fecc627d-91a2-4b25-8ddd-8ec118077561
Manganinnie,Gilda Baracchi,False,Best Film sponsored by the Australian Film Commission,1980,feature-film,Manganinnie (1980),46113136-d8ba-4bc7-b371-abaf2746d56a,78b73597-8488-45c1-85e4-fb0db5d61e36
Maybe This Time,Brian Kavanagh,False,Best Film sponsored by the Australian Film Commission,1980,feature-film,Maybe This Time (1980),284a7873-07e4-423f-b767-db17a0c20fe1,102f76d3-9acf-4472-8158-4c884f12eacd
Stir,Richard Brennan,False,Best Film sponsored by the Australian Film Commission,1980,feature-film,Stir (1980),bf83fa6d-799c-446e-87b3-4fa423cf5772,89ac8d15-059d-4afc-85e9-9be2ec000ce9
Gallipoli,Robert Stigwood,True,Best Film,1981,feature-film,Gallipoli (1981),7cf7a4d9-a930-483e-b70d-392da3adda69,d6cc6e52-88e7-49f6-ada0-ddc3e10548b1
Gallipoli,Pat Lovell,True,Best Film,1981,feature-film,Gallipoli (1981),7cf7a4d9-a930-483e-b70d-392da3adda69,deed57b6-88bd-44ed-88bc-25786c901bd6
The Club,Matthew Carroll,False,Best Film,1981,feature-film,The Club (1981),d4dc9bef-e639-4266-89ed-f20fb0f2868a,fecc627d-91a2-4b25-8ddd-8ec118077561
Winter Of Our Dreams,Richard Mason,False,Best Film,1981,feature-film,Winter Of Our Dreams (1981),f678b9ba-3658-43bd-a4c9-ad580b0163a3,5f1886be-80ad-4f7d-b0cd-e52a5eeb098a
Wrong Side Of The Road,Ned Lander,False,Best Film,1981,feature-film,Wrong Side Of The Road (1981),00e8659e-a867-42eb-9909-b9ef57718cc2,812caff8-c7ff-4a62-8c54-1a46a603ab0c
Wrong Side Of The Road,Graeme Isaac,False,Best Film,1981,feature-film,Wrong Side Of The Road (1981),00e8659e-a867-42eb-9909-b9ef57718cc2,801975c4-4050-4298-8986-b3b1da1a50a1
Goodbye Paradise,Jane Scott,False,Best Film,1982,feature-film,Goodbye Paradise (1982),45db9626-0c7a-4de7-afe4-3259958d7268,a8e09bfd-557f-4db7-b8fe-82b9a90662fe
Lonely Hearts,John B. Murray,True,Best Film,1982,feature-film,Lonely Hearts (1982),2e23feb6-ed89-4943-a440-84b9e136f734,ad3d195d-72b9-4d53-9e3a-87d26f05c8ad
Monkey Grip,Patricia Lovell,False,Best Film,1982,feature-film,Monkey Grip (1982),1f2f3707-c62e-4570-a4f5-74407f3292b9,c6a6eabc-c4fc-4160-a261-1c6904a14077
We Of The Never Never,Greg Tepper,False,Best Film,1982,feature-film,We Of The Never Never (1982),5fd60721-4f2c-4038-aca4-57994ad2c1f9,23b694f6-7b6b-48a0-ba62-01ace04a1bf4
"Careful, He Might Hear You",Jill Robb,True,Best Film,1983,feature-film,"Careful, He Might Hear You (1983)",d197e8e1-0550-46d7-886f-8d761a508281,47afcef6-d510-4b9c-9834-934934b521e4
Man Of Flowers,Jane Ballantyne,False,Best Film,1983,feature-film,Man Of Flowers (1983),9152a5cc-2e6a-4ad6-944b-969cfd89c479,17fcc18c-0cdf-47fb-9a8a-ac00d9775722
Phar Lap,John Sexton,False,Best Film,1983,feature-film,Phar Lap (1983),bb30ffb5-c878-4b6a-8b23-2266e9fdedfd,1757e995-2634-44b4-a044-50535dfeaacf
The Year Of Living Dangerously,Jim McElroy,False,Best Film,1983,feature-film,The Year Of Living Dangerously (1983),d06d17c2-06d0-4db3-8dc7-0d5dfe115e06,06754f19-313d-4142-a15b-2ed467cbeaa2
Annie's Coming Out,Don Murray,True,Best Film,1984,feature-film,Annie's Coming Out (1984),996677fe-e120-4a6e-bb26-e06a97c3e876,346b2281-3fa0-4d7e-bc7a-79b907818831
My First Wife,Jane Ballantyne,False,Best Film,1984,feature-film,My First Wife (1984),e4e4a5f1-03d5-4fd1-bc5e-b152cd4f59ae,17fcc18c-0cdf-47fb-9a8a-ac00d9775722
My First Wife,Paul Cox,False,Best Film,1984,feature-film,My First Wife (1984),e4e4a5f1-03d5-4fd1-bc5e-b152cd4f59ae,4372b4a3-d5e4-4da8-aa86-674ee8d03434
Silver City,Joan Long,False,Best Film,1984,feature-film,Silver City (1984),58c6a029-d65f-4a6e-a905-f8ce82666e6d,9e695067-581d-48c7-94da-5c2589b51f1d
Strikebound,Miranda Bain,False,Best Film,1984,feature-film,Strikebound (1984),474506a9-b7ba-4056-9c86-697f747567b5,00ed0729-67cc-41fe-a9a0-629782b720f2
Strikebound,Timothy White,False,Best Film,1984,feature-film,Strikebound (1984),474506a9-b7ba-4056-9c86-697f747567b5,4af5b64f-5faf-44c6-99bc-8476ec0e14ea
A Street To Die,Bill Bennett,False,Best Film,1985,feature-film,A Street To Die (1985),86a4bad6-5883-47ad-bde3-0436c33aee71,c76c5a4a-114c-4f92-a888-f85796c5673e
Bliss,Anthony Buckley,True,Best Film,1985,feature-film,Bliss (1985),c7a595ff-02df-4676-92e2-f3cd138c4b35,8d3be2d2-2e00-444c-83df-ad1358ba2b6c
Fran,David Rapsey,False,Best Film,1985,feature-film,Fran (1985),f0719c42-46d1-42e9-a0d2-b8c6c7290780,52842494-efbb-418d-8bf1-28b4cfc6856e
Unfinished Business,Rebel Penfold-Russell,False,Best Film,1985,feature-film,Unfinished Business (1985),25539dac-1ae6-45e2-8812-e26f4108612d,941cc89b-fd2f-49c6-87fb-814bd537a9c1
Malcolm,Nadia Tass,True,Best Film,1986,feature-film,Malcolm (1986),bab36d02-08bc-4d8a-b501-fc9b45a8e3da,05f84711-dc18-467c-8af8-dde7a402d535
Malcolm,David Parker,True,Best Film,1986,feature-film,Malcolm (1986),bab36d02-08bc-4d8a-b501-fc9b45a8e3da,32d27183-6aa4-4f9f-914b-bf30dfb49385
Short Changed,Ross Matthews,False,Best Film,1986,feature-film,Short Changed (1986),8bb09a68-8079-4639-b902-7fa532effca6,0e589865-64b5-4ce1-a467-d564e81b11aa
The Fringe Dwellers,Sue Milliken,False,Best Film,1986,feature-film,The Fringe Dwellers (1986),01270a9c-7f53-4ab2-89bb-72e2bfce8992,9411b095-342a-43d3-aaa1-31a6ea936171
The More Things Change,Jill Robb,False,Best Film,1986,feature-film,The More Things Change (1986),ead7fb3c-d5fa-46a4-81c5-799d9cf3e2ae,47afcef6-d510-4b9c-9834-934934b521e4
Ground Zero,Michael Pattinson,False,Best Film,1987,feature-film,Ground Zero (1987),b5382244-8772-4e4c-9b4d-42437160f228,b8c45065-ddc3-4975-a839-aa62fcad0838
High Tide,Sandra Levy,False,Best Film,1987,feature-film,High Tide (1987),8e00556e-ff76-41e8-ab23-603c9d359d1c,3077a23f-043c-45b6-abbc-99c5ff85b5a6
High Tide,Antony I. Ginnane,False,Best Film,1987,feature-film,High Tide (1987),8e00556e-ff76-41e8-ab23-603c9d359d1c,d66d122b-f3fc-44bc-bc14-cc99955164d4
The Tale Of Ruby Rose,Bryce Menzies,False,Best Film,1987,feature-film,The Tale Of Ruby Rose (1987),f45d27ee-e4a5-4e4f-ade2-69561dda6d65,7c423f40-1d9e-4bb2-a9f1-748a66d2cad0
The Tale Of Ruby Rose,Andrew Wiseman,False,Best Film,1987,feature-film,The Tale Of Ruby Rose (1987),f45d27ee-e4a5-4e4f-ade2-69561dda6d65,b00f34e9-8161-4a0d-a2a7-03f3b9997f76
The Year My Voice Broke,Terry Hayes,True,Best Film,1987,feature-film,The Year My Voice Broke (1987),12add7c1-926d-493d-8cf1-034c4caa8f0e,290615e2-fc74-4137-a0eb-ff6bb61bbbaa
The Year My Voice Broke,Doug Mitchell,True,Best Film,1987,feature-film,The Year My Voice Broke (1987),12add7c1-926d-493d-8cf1-034c4caa8f0e,946a4377-a1da-4c97-8c03-8e0d2adb9d78
The Year My Voice Broke,George Miller,True,Best Film,1987,feature-film,The Year My Voice Broke (1987),12add7c1-926d-493d-8cf1-034c4caa8f0e,3851fac4-5616-40a1-9a8a-66dd4af4afe1
The Navigator,John Maynard,True,Best Film,1988,feature-film,The Navigator (1988),369cfded-4820-4fd8-b757-c1bdc5db1ba7,99f6daf9-2060-491b-ac1e-873ddd51899e
Boulevard Of Broken Dreams,Frank Howson,False,Best Film,1988,feature-film,Boulevard Of Broken Dreams (1988),905401ff-8377-4b94-907b-99014d79cbba,f46a0cb0-1b88-4203-a9dd-fc68bb39937a
Grievous Bodily Harm,Richard Brennan,False,Best Film,1988,feature-film,Grievous Bodily Harm (1988),604c8a0f-08c7-46f9-a870-e638f5234d2c,89ac8d15-059d-4afc-85e9-9be2ec000ce9
Mullaway,D. Howard Grigsby,False,Best Film,1988,feature-film,Mullaway (1988),b139d8a4-5732-4446-b142-aff83dda2543,98759d98-1fd4-4109-bad8-e10aebe5ce7b
Ghosts...Of The Civil Dead,Evan English,False,Best Film,1989,feature-film,Ghosts...Of The Civil Dead (1989),7e829f60-f58f-48b8-acaf-aed5101e46b8,bf66fc19-fdc3-467f-b886-0d66990f4aa1
Island,Paul Cox,False,Best Film,1989,feature-film,Island (1989),7a538646-4265-4583-a0c8-1f68ec2c5e3e,4372b4a3-d5e4-4da8-aa86-674ee8d03434
Island,Santhana Naidu,False,Best Film,1989,feature-film,Island (1989),7a538646-4265-4583-a0c8-1f68ec2c5e3e,d36b04f9-cadf-479d-9ff9-957514f999d4
Dead Calm,Terry Hayes,False,Best Film,1989,feature-film,Dead Calm (1989),dab8dc66-9b14-47a5-bf26-0ade0304efa2,290615e2-fc74-4137-a0eb-ff6bb61bbbaa
Dead Calm,Doug Mitchell,False,Best Film,1989,feature-film,Dead Calm (1989),dab8dc66-9b14-47a5-bf26-0ade0304efa2,946a4377-a1da-4c97-8c03-8e0d2adb9d78
Dead Calm,George Miller,False,Best Film,1989,feature-film,Dead Calm (1989),dab8dc66-9b14-47a5-bf26-0ade0304efa2,3851fac4-5616-40a1-9a8a-66dd4af4afe1
Evil Angels,Verity Lambert,True,Best Film,1989,feature-film,Evil Angels (1989),eb1690fe-ad98-4834-abdc-82806dc44dee,f1fe9426-8dbd-4414-834b-17e3a3f86b86
Blood Oath,Charles Waterstreet,False,Best Film,1990,feature-film,Blood Oath (1990),9a39eafe-a03b-4963-8ab0-98655245d271,00d61213-2a88-41e7-985d-93dc12781070
Blood Oath,Denis Whitburn,False,Best Film,1990,feature-film,Blood Oath (1990),9a39eafe-a03b-4963-8ab0-98655245d271,4fa70ea1-db64-48a3-a302-291f32d8b6bd
Blood Oath,Brian Williams,False,Best Film,1990,feature-film,Blood Oath (1990),9a39eafe-a03b-4963-8ab0-98655245d271,1b8ae27a-d4cb-4f90-8b56-08bb03e2a2a2
Struck By Lightning,Terry J. Charatsis,False,Best Film,1990,feature-film,Struck By Lightning (1990),32975bc8-5d7b-46f3-8ad3-3a3c47b19abc,340b33a5-84d1-47ff-87fb-5fd681710bec
Struck By Lightning,Trevor Farrant,False,Best Film,1990,feature-film,Struck By Lightning (1990),32975bc8-5d7b-46f3-8ad3-3a3c47b19abc,3fb09184-4619-4ed5-808d-96df3bce1119
Flirting,Terry Hayes,True,Best Film,1990,feature-film,Flirting (1990),43999c37-a384-436e-b685-da26783bb0b2,290615e2-fc74-4137-a0eb-ff6bb61bbbaa
Flirting,Doug Mitchell,True,Best Film,1990,feature-film,Flirting (1990),43999c37-a384-436e-b685-da26783bb0b2,946a4377-a1da-4c97-8c03-8e0d2adb9d78
Flirting,George Miller,True,Best Film,1990,feature-film,Flirting (1990),43999c37-a384-436e-b685-da26783bb0b2,3851fac4-5616-40a1-9a8a-66dd4af4afe1
The Big Steal,Nadia Tass,False,Best Film,1990,feature-film,The Big Steal (1990),9a2d7d4c-14e9-481e-a837-4b8c0db58834,05f84711-dc18-467c-8af8-dde7a402d535
The Big Steal,David Parker,False,Best Film,1990,feature-film,The Big Steal (1990),9a2d7d4c-14e9-481e-a837-4b8c0db58834,32d27183-6aa4-4f9f-914b-bf30dfb49385
Death In Brunswick,Timothy White,False,Best Film,1991,feature-film,Death In Brunswick (1991),892a6479-77ad-4fc5-822b-45832fad6726,4af5b64f-5faf-44c6-99bc-8476ec0e14ea
Dingo,Giorgio Draskovic,False,Best Film,1991,feature-film,Dingo (1991),db13d7e5-d7a8-45f4-9e72-755824d69534,e64ce960-ed2e-41b1-8ee7-9ffa02c6f917
Dingo,Rolf de Heer,False,Best Film,1991,feature-film,Dingo (1991),db13d7e5-d7a8-45f4-9e72-755824d69534,d4863486-1c78-4514-a158-b52376a7c155
Dingo,Marc Rosenberg,False,Best Film,1991,feature-film,Dingo (1991),db13d7e5-d7a8-45f4-9e72-755824d69534,0aca3dcd-5316-4121-ad2a-5c1f109c0af3
Dingo,Marie-Pascale Osterrieth,False,Best Film,1991,feature-film,Dingo (1991),db13d7e5-d7a8-45f4-9e72-755824d69534,cd9ef611-73f7-4539-aeae-a6a0ec636426
Spotswood,Timothy White,False,Best Film,1991,feature-film,Spotswood (1991),3990d429-3c17-4042-bf56-d89e52d58599,4af5b64f-5faf-44c6-99bc-8476ec0e14ea
Spotswood,Richard Brennan,False,Best Film,1991,feature-film,Spotswood (1991),3990d429-3c17-4042-bf56-d89e52d58599,89ac8d15-059d-4afc-85e9-9be2ec000ce9
Black Robe,Robert Lantos,False,Best Film,1992,feature-film,Black Robe (1992),5fd66f1f-74fb-41a3-a317-765658465134,0061f985-7747-43f5-b253-b525e3314328
Black Robe,Sue Milliken,False,Best Film,1992,feature-film,Black Robe (1992),5fd66f1f-74fb-41a3-a317-765658465134,9411b095-342a-43d3-aaa1-31a6ea936171
Black Robe,Stephane Reichel,False,Best Film,1992,feature-film,Black Robe (1992),5fd66f1f-74fb-41a3-a317-765658465134,d2bef92b-245c-4e96-9819-5271f336f900
Romper Stomper,Ian Pringle,False,Best Film,1992,feature-film,Romper Stomper (1992),6680fd87-cb13-4409-a3a1-ec92f8365643,c6c86fc1-0322-44f2-97bc-dc47803be63d
Romper Stomper,Daniel Scharf,False,Best Film,1992,feature-film,Romper Stomper (1992),6680fd87-cb13-4409-a3a1-ec92f8365643,9ba78ec6-4e99-4465-bd8a-cedfd7d49bbf
Strictly Ballroom,Tristram Miall,True,Best Film,1992,feature-film,Strictly Ballroom (1992),bb56e770-0775-4e20-b384-22e8bd3224ff,07e4cff0-5f68-4e88-bd3b-75f1a42172a4
Map Of The Human Heart,Tim Bevan,False,Best Film,1993,feature-film,Map Of The Human Heart (1993),92cfbc82-dab7-4d41-9a13-55e160b6b198,85258af6-786d-4b12-bf14-56e5f763fd63
Map Of The Human Heart,Vincent Ward,False,Best Film,1993,feature-film,Map Of The Human Heart (1993),92cfbc82-dab7-4d41-9a13-55e160b6b198,99a03117-62bc-417c-a578-1b5f3ae08958
Map Of The Human Heart,Timothy White,False,Best Film,1993,feature-film,Map Of The Human Heart (1993),92cfbc82-dab7-4d41-9a13-55e160b6b198,4af5b64f-5faf-44c6-99bc-8476ec0e14ea
On My Own,Leo Pescarolo,False,Best Film,1993,feature-film,On My Own (1993),2ea2853c-4339-4305-a985-21289906d74c,88bab60a-4c22-4bc4-9ceb-6f48dcad78d0
On My Own,Will Spencer,False,Best Film,1993,feature-film,On My Own (1993),2ea2853c-4339-4305-a985-21289906d74c,01409c71-3b5c-423b-8d57-9eeb98aeddac
On My Own,Rosa Colosimo,False,Best Film,1993,feature-film,On My Own (1993),2ea2853c-4339-4305-a985-21289906d74c,34e76297-a228-42a6-aa08-a06e5f30cc45
On My Own,Elisa Resegotti,False,Best Film,1993,feature-film,On My Own (1993),2ea2853c-4339-4305-a985-21289906d74c,21bb0d54-1c44-4d04-aba0-9444365d3b57
On My Own,Lael McCall,False,Best Film,1993,feature-film,On My Own (1993),2ea2853c-4339-4305-a985-21289906d74c,b032f896-6f59-4278-a588-2582985a95a6
On My Own,Stavros Stavrides,False,Best Film,1993,feature-film,On My Own (1993),2ea2853c-4339-4305-a985-21289906d74c,d1f364eb-8e13-4e93-82a9-f6c59977e8a3
The Heartbreak Kid,Ben Gannon,False,Best Film,1993,feature-film,The Heartbreak Kid (1993),c9b532e0-0694-48e3-88d1-c9f421270652,1f26fc50-b816-4d3a-9a3a-900fc7a327ce
The Piano,Jan Chapman,True,Best Film,1993,feature-film,The Piano (1993),90c60d29-39f2-44c7-993e-3046facd6c61,a1c5f983-733b-4500-b051-1cf71add3479
Muriel's Wedding,Lynda House,True,Best Film,1994,feature-film,Muriel's Wedding (1994),53af2ad1-da01-40e1-86e1-41678dd332f8,a905a38a-b3e4-401a-82bc-bd119a61c5c8
Muriel's Wedding,Jocelyn Moorhouse,True,Best Film,1994,feature-film,Muriel's Wedding (1994),53af2ad1-da01-40e1-86e1-41678dd332f8,8f68a6c0-eb7f-4e0c-9ebe-d1acca898baf
Bad Boy Bubby,Rolf de Heer,False,Best Film,1994,feature-film,Bad Boy Bubby (1994),1c74192e-5327-4e2b-9d90-95f8b44754aa,d4863486-1c78-4514-a158-b52376a7c155
Bad Boy Bubby,Giorgio Draskovic,False,Best Film,1994,feature-film,Bad Boy Bubby (1994),1c74192e-5327-4e2b-9d90-95f8b44754aa,e64ce960-ed2e-41b1-8ee7-9ffa02c6f917
Bad Boy Bubby,Domenico Procacci,False,Best Film,1994,feature-film,Bad Boy Bubby (1994),1c74192e-5327-4e2b-9d90-95f8b44754aa,c92c84cf-3b0b-4ca1-9985-8a8058128c80
"The Adventures Of Priscilla, Queen Of The Desert",Al Clark,False,Best Film,1994,feature-film,"The Adventures Of Priscilla, Queen Of The Desert (1994)",a0f392a0-4143-4a69-91b3-8669d7f600ee,a0679aa8-7d5c-4329-aaba-35a1b8edc89b
"The Adventures Of Priscilla, Queen Of The Desert",Michael Hamlyn,False,Best Film,1994,feature-film,"The Adventures Of Priscilla, Queen Of The Desert (1994)",a0f392a0-4143-4a69-91b3-8669d7f600ee,061c3d64-975e-40d7-ac0d-f08c7323124b
"The Adventures Of Priscilla, Queen Of The Desert",Rebel Penfold-Russell,False,Best Film,1994,feature-film,"The Adventures Of Priscilla, Queen Of The Desert (1994)",a0f392a0-4143-4a69-91b3-8669d7f600ee,941cc89b-fd2f-49c6-87fb-814bd537a9c1
The Sum Of Us,Hal McElroy,False,Best Film,1994,feature-film,The Sum Of Us (1994),673e0e4e-a046-400d-a899-00a64bd2ba1d,34395e0d-8e89-4382-b852-920b0134da85
All Men Are Liars,John Maynard,False,Fox Studios Australia Award for Best Film,1995,feature-film,All Men Are Liars (1995),3dbf8391-802a-4dd6-937e-1fc6fb48eaea,99f6daf9-2060-491b-ac1e-873ddd51899e
Angel Baby,Timothy White,True,Fox Studios Australia Award for Best Film,1995,feature-film,Angel Baby (1995),21e57207-6838-4c54-9c0f-c38d6540f86f,4af5b64f-5faf-44c6-99bc-8476ec0e14ea
Angel Baby,Jonathon Shteinman,True,Fox Studios Australia Award for Best Film,1995,feature-film,Angel Baby (1995),21e57207-6838-4c54-9c0f-c38d6540f86f,0cc3930c-da5e-4fca-81c9-1313d0097eb0
Hotel Sorrento,Richard Franklin,False,Fox Studios Australia Award for Best Film,1995,feature-film,Hotel Sorrento (1995),a77dc575-8487-49a2-b9d5-39229bd83c72,3f396551-2052-4a29-a959-5c3923dee9cc
"That Eye, The Sky",Peter Beilby,False,Fox Studios Australia Award for Best Film,1995,feature-film,"That Eye, The Sky (1995)",2a06fbea-f04e-4d62-93b9-5e01c00adf78,87816b36-9496-44eb-b6de-4eae13586cf1
"That Eye, The Sky",Grainne Marmion,False,Fox Studios Australia Award for Best Film,1995,feature-film,"That Eye, The Sky (1995)",2a06fbea-f04e-4d62-93b9-5e01c00adf78,b36fe654-08a4-4556-9ce0-507d947f9186
Children Of The Revolution,Tristram Miall,False,Fox Studios Australia Award for Best Film,1996,feature-film,Children Of The Revolution (1996),3843991f-6871-45b9-a795-46542b96cb8d,07e4cff0-5f68-4e88-bd3b-75f1a42172a4
Love & Other Catastrophes,Stavros Efthymiou,False,Fox Studios Australia Award for Best Film,1996,feature-film,Love & Other Catastrophes (1996),a0020d7e-8c80-4a71-8e83-1cf18d20aa37,769e1730-c0b9-4071-81e8-84b936c28764
Mr Reliable,Jim McElroy,False,Fox Studios Australia Award for Best Film,1996,feature-film,Mr Reliable (1996),7470c25f-00b1-4504-a087-9de76477bb1c,06754f19-313d-4142-a15b-2ed467cbeaa2
Mr Reliable,Terry Hayes,False,Fox Studios Australia Award for Best Film,1996,feature-film,Mr Reliable (1996),7470c25f-00b1-4504-a087-9de76477bb1c,290615e2-fc74-4137-a0eb-ff6bb61bbbaa
Mr Reliable,Michael Hamlyn,False,Fox Studios Australia Award for Best Film,1996,feature-film,Mr Reliable (1996),7470c25f-00b1-4504-a087-9de76477bb1c,061c3d64-975e-40d7-ac0d-f08c7323124b
Shine,Jane Scott,True,Fox Studios Australia Award for Best Film,1996,feature-film,Shine (1996),75b62fbd-3eb5-425a-8125-60438aaa7440,a8e09bfd-557f-4db7-b8fe-82b9a90662fe
Blackrock,David Elfick,False,Fox Studios Australia Award for Best Film,1997,feature-film,Blackrock (1997),ab5453c0-d23c-41a4-b6b5-72059b38b9c8,b4ebfd27-302a-4a8c-94f9-d28bda8b69e8
Doing Time For Patsy Cline,Chris Kennedy,False,Fox Studios Australia Award for Best Film,1997,feature-film,Doing Time For Patsy Cline (1997),19429314-0e16-4d53-9785-4c08e427a799,83fcc71e-c92e-4148-83c7-bc664e635416
Doing Time For Patsy Cline,John Winter,False,Fox Studios Australia Award for Best Film,1997,feature-film,Doing Time For Patsy Cline (1997),19429314-0e16-4d53-9785-4c08e427a799,67c9cf52-f5d8-46a0-a044-0a91194d2680
Kiss Or Kill,Bill Bennett,True,Fox Studios Australia Award for Best Film,1997,feature-film,Kiss Or Kill (1997),938a693a-f014-4a9c-959b-0147f4d70c59,c76c5a4a-114c-4f92-a888-f85796c5673e
Kiss Or Kill,Jennifer Bennett,True,Fox Studios Australia Award for Best Film,1997,feature-film,Kiss Or Kill (1997),938a693a-f014-4a9c-959b-0147f4d70c59,d4c34974-e2ef-47dd-99fb-8001715db07f
The Well,Sandra Levy,False,Fox Studios Australia Award for Best Film,1997,feature-film,The Well (1997),ff066634-0c69-4244-82b5-b8adff846a5c,3077a23f-043c-45b6-abbc-99c5ff85b5a6
Head On,Jane Scott,False,Fox Studios Australia Award for Best Film,1998,feature-film,Head On (1998),d26187b5-7742-42e4-bf3b-6def3c3117ef,a8e09bfd-557f-4db7-b8fe-82b9a90662fe
Radiance,Ned Lander,False,Fox Studios Australia Award for Best Film,1998,feature-film,Radiance (1998),8bccdef6-a46b-4656-805c-a87a5039c73f,812caff8-c7ff-4a62-8c54-1a46a603ab0c
Radiance,Andrew Myer,False,Fox Studios Australia Award for Best Film,1998,feature-film,Radiance (1998),8bccdef6-a46b-4656-805c-a87a5039c73f,d0d549b4-c8da-4b8c-904d-bdeb4a0b7b1f
The Boys,Robert Connolly,False,Fox Studios Australia Award for Best Film,1998,feature-film,The Boys (1998),bb24998d-0e1b-4560-b056-a4fff617e889,e4347304-427e-4a0c-aff4-6a8875fc1f75
The Boys,John Maynard,False,Fox Studios Australia Award for Best Film,1998,feature-film,The Boys (1998),bb24998d-0e1b-4560-b056-a4fff617e889,99f6daf9-2060-491b-ac1e-873ddd51899e
The Interview,Bill Hughes,True,Fox Studios Australia Award for Best Film,1998,feature-film,The Interview (1998),a8e118da-ead6-46e2-bbdb-f2ded7cb212b,771b32a4-aace-46fc-9e89-2847fca56646
Praise,Martha Coleman,False,Fox Studios Australia Award for Best Film,1999,feature-film,Praise (1999),eea895cf-9145-4318-9aa4-ef879e8ab1fe,9d482e51-a8c9-469b-9947-73926cac1214
Siam Sunset,Al Clark,False,Fox Studios Australia Award for Best Film,1999,feature-film,Siam Sunset (1999),68d3c3e7-f86e-4aa3-b3bb-dde44c41fdba,a0679aa8-7d5c-4329-aaba-35a1b8edc89b
Soft Fruit,Helen Bowden,False,Fox Studios Australia Award for Best Film,1999,feature-film,Soft Fruit (1999),82412328-3a7e-467e-b059-38c9c38731a9,b6f41f4d-8144-4cd4-8551-522dd78cf1df
Two Hands,Marian Macgowan,True,Fox Studios Australia Award for Best Film,1999,feature-film,Two Hands (1999),2142a45f-6a09-49e2-a020-c999bb78f8c7,b6e82393-a6a9-4830-8958-a306fa4cfabb
Better Than Sex,Bruna Papandrea,False,Emirates AFI Award for Best Film,2000,feature-film,Better Than Sex (2000),13a735a3-0cb1-465d-99d0-573826ae36a9,44fae8c8-d758-4c4d-95d5-a690c130a42a
Better Than Sex,Frank Cox,False,Emirates AFI Award for Best Film,2000,feature-film,Better Than Sex (2000),13a735a3-0cb1-465d-99d0-573826ae36a9,e4d0ce7d-fcf3-42ed-8c94-c4d868e36752
Bootmen,Hilary Linstead,False,Emirates AFI Award for Best Film,2000,feature-film,Bootmen (2000),edbff576-769d-4fcb-9cba-77edbc6dad7f,3a46cd6d-db98-4999-95c5-32c13c39b51d
Chopper,Michele Bennett,False,Emirates AFI Award for Best Film,2000,feature-film,Chopper (2000),194d4860-59dd-4461-99d7-090707902710,9b66dbda-6e77-443f-8cfc-4fc091bf56fc
Looking For Alibrandi,Robyn Kershaw,True,Emirates AFI Award for Best Film,2000,feature-film,Looking For Alibrandi (2000),b403343c-0cc3-45af-afdb-698db05eea11,2a19d8ae-9bb8-4916-9eeb-5f3af3b72b99
Lantana,Jan Chapman,True,Emirates AFI Award for Best Film,2001,feature-film,Lantana (2001),aa9be14a-9d64-4dac-92d2-48d79514f5c7,a1c5f983-733b-4500-b051-1cf71add3479
Moulin Rouge,Martin Brown,False,Emirates AFI Award for Best Film,2001,feature-film,Moulin Rouge (2001),81f0681f-cf27-4e2c-b80f-523202ba280a,7b63e396-4703-44fd-afa1-d81d4f704922
Moulin Rouge,Baz Luhrmann,False,Emirates AFI Award for Best Film,2001,feature-film,Moulin Rouge (2001),81f0681f-cf27-4e2c-b80f-523202ba280a,ecfa7218-9a71-4575-b9ca-4f0005eda506
Moulin Rouge,Fred Baron,False,Emirates AFI Award for Best Film,2001,feature-film,Moulin Rouge (2001),81f0681f-cf27-4e2c-b80f-523202ba280a,6bc1b08c-27ee-4cd7-8212-c1de4168489c
The Bank,John Maynard,False,Emirates AFI Award for Best Film,2001,feature-film,The Bank (2001),280c4f4f-4f09-4fb5-b8f8-e7bbc001427e,99f6daf9-2060-491b-ac1e-873ddd51899e
The Dish,Santo Cilauro,False,Emirates AFI Award for Best Film,2001,feature-film,The Dish (2001),55cfd21a-ce27-4262-9f69-a43087060243,aaf273f5-6d79-4749-8914-1a3f18bd2db7
The Dish,Michael Hirsh,False,Emirates AFI Award for Best Film,2001,feature-film,The Dish (2001),55cfd21a-ce27-4262-9f69-a43087060243,6cabf454-3ed0-40fa-ba6a-fd77d29a93e5
The Dish,Tom Gleisner,False,Emirates AFI Award for Best Film,2001,feature-film,The Dish (2001),55cfd21a-ce27-4262-9f69-a43087060243,bf7b2b92-7011-4f3a-933c-5a202dd0e55b
The Dish,Jane Kennedy,False,Emirates AFI Award for Best Film,2001,feature-film,The Dish (2001),55cfd21a-ce27-4262-9f69-a43087060243,e62c024b-a6b8-474a-9551-9013627d6cbf
The Dish,Rob Sitch,False,Emirates AFI Award for Best Film,2001,feature-film,The Dish (2001),55cfd21a-ce27-4262-9f69-a43087060243,01deda12-b589-4690-bb38-957dd8570077
Australian Rules,Mark Lazarus,False,Emirates AFI Award for Best Film,2002,feature-film,Australian Rules (2002),d53ec3b8-ee92-4888-a3e0-45585de90dea,aee5043c-ecbc-442c-bd8e-0894fb82011c
Beneath Clouds,Teresa-Jayne Hanlon,False,Emirates AFI Award for Best Film,2002,feature-film,Beneath Clouds (2002),fdc95df4-ac66-4066-915b-12e93fe5642f,2df987f0-e4b4-47ed-b1c2-6599fe9d3785
Rabbit Proof Fence,Phillip Noyce,True,Emirates AFI Award for Best Film,2002,feature-film,Rabbit Proof Fence (2002),d73866a1-5b4f-4e3b-8f5a-3b4ebb90183d,4c99adbd-8f50-45be-bb16-ca16d0ebde82
Rabbit Proof Fence,Christine Olsen,True,Emirates AFI Award for Best Film,2002,feature-film,Rabbit Proof Fence (2002),d73866a1-5b4f-4e3b-8f5a-3b4ebb90183d,7084d9e1-92cf-4e3d-8e06-ef4114cf3e22
Rabbit Proof Fence,John Winter,True,Emirates AFI Award for Best Film,2002,feature-film,Rabbit Proof Fence (2002),d73866a1-5b4f-4e3b-8f5a-3b4ebb90183d,67c9cf52-f5d8-46a0-a044-0a91194d2680
The Tracker,Rolf de Heer,False,Emirates AFI Award for Best Film,2002,feature-film,The Tracker (2002),720e6ff9-02e0-499b-813b-3fb11eada243,d4863486-1c78-4514-a158-b52376a7c155
The Tracker,Julie Ryan,False,Emirates AFI Award for Best Film,2002,feature-film,The Tracker (2002),720e6ff9-02e0-499b-813b-3fb11eada243,7eb91846-abe0-4a34-88c2-5e5f0dbf6ad2
Alexandra's Project,Julie Ryan,False,Showtime AFI Award for Best Film,2003,feature-film,Alexandra's Project (2003),ae2b80be-613e-49d9-8f7a-9ca02173507c,7eb91846-abe0-4a34-88c2-5e5f0dbf6ad2
Alexandra's Project,Domenico Procacci,False,Showtime AFI Award for Best Film,2003,feature-film,Alexandra's Project (2003),ae2b80be-613e-49d9-8f7a-9ca02173507c,c92c84cf-3b0b-4ca1-9985-8a8058128c80
Gettin' Square,Martin Fabinyi,False,Showtime AFI Award for Best Film,2003,feature-film,Gettin' Square (2003),6debe207-2e72-4a62-a70b-103ea8fab2e6,5337c080-0b26-4daa-b3c0-6d2703f61949
Gettin' Square,Tim White,False,Showtime AFI Award for Best Film,2003,feature-film,Gettin' Square (2003),6debe207-2e72-4a62-a70b-103ea8fab2e6,6134e085-510d-4ece-94e4-d5f84f073ce8
Gettin' Square,Trish Lake,False,Showtime AFI Award for Best Film,2003,feature-film,Gettin' Square (2003),6debe207-2e72-4a62-a70b-103ea8fab2e6,a650ca44-a180-41b9-a72e-db5cb415842c
Japanese Story,Sue Maslin,True,Showtime AFI Award for Best Film,2003,feature-film,Japanese Story (2003),c781da65-5543-47cf-95fa-67e7f09c8190,3d1f64dd-8418-4b07-bb7d-117700138047
Japanese Story,Sue Brooks,True,Showtime AFI Award for Best Film,2003,feature-film,Japanese Story (2003),c781da65-5543-47cf-95fa-67e7f09c8190,c02ca09e-3f09-40f9-b8b9-12b8264820be
Japanese Story,Alison Tilson,True,Showtime AFI Award for Best Film,2003,feature-film,Japanese Story (2003),c781da65-5543-47cf-95fa-67e7f09c8190,88462cc9-bf31-4936-befb-38bb2a439daf
The Rage In Placid Lake,Marian Macgowan,False,Showtime AFI Award for Best Film,2003,feature-film,The Rage In Placid Lake (2003),09b97d26-ac2e-4bc7-bed4-49ddf6fc1070,b6e82393-a6a9-4830-8958-a306fa4cfabb
Love's Brother,Jane Scott,False,Film Finance Corporation Australia AFI Award for Best Film,2004,feature-film,Love's Brother (2004),201b502b-42d3-476d-90a1-c9224e6c0793,a8e09bfd-557f-4db7-b8fe-82b9a90662fe
Love's Brother,Sarah Radclyffe,False,Film Finance Corporation Australia AFI Award for Best Film,2004,feature-film,Love's Brother (2004),201b502b-42d3-476d-90a1-c9224e6c0793,fb7d2ef6-b65f-4e42-ad5f-54405bb7de9f
Somersault,Anthony Anderson,True,Film Finance Corporation Australia AFI Award for Best Film,2004,feature-film,Somersault (2004),d339f8ac-984c-4807-9aae-59d5e5b5870b,e8d0cfc8-23bd-4af2-aa1f-c09bdad4069e
The Old Man Who Read Love Stories,Julie Ryan,False,Film Finance Corporation Australia AFI Award for Best Film,2004,feature-film,The Old Man Who Read Love Stories (2004),6d2bc558-4206-4988-932d-d1624d638c20,7eb91846-abe0-4a34-88c2-5e5f0dbf6ad2
The Old Man Who Read Love Stories,Michelle de Broca,False,Film Finance Corporation Australia AFI Award for Best Film,2004,feature-film,The Old Man Who Read Love Stories (2004),6d2bc558-4206-4988-932d-d1624d638c20,1b057eb5-6ca1-4af7-b11b-9116fc3aae39
Tom White,Alkinos Tsilimidos,False,Film Finance Corporation Australia AFI Award for Best Film,2004,feature-film,Tom White (2004),84916685-b0d4-495a-983a-b76ae1a76693,50997843-5392-4e7d-b31e-fb6fa6f6c7a5
Tom White,Daniel Scharf,False,Film Finance Corporation Australia AFI Award for Best Film,2004,feature-film,Tom White (2004),84916685-b0d4-495a-983a-b76ae1a76693,9ba78ec6-4e99-4465-bd8a-cedfd7d49bbf
Little Fish,Vincent Sheehan,False,L&#039;Oréal Paris AFI Award for Best Film,2005,feature-film,Little Fish (2005),d1d16e6f-e089-46d2-b192-4491e84c57e1,7de0577a-491e-4672-b4a7-126a131ebcac
Little Fish,Liz Watts,False,L&#039;Oréal Paris AFI Award for Best Film,2005,feature-film,Little Fish (2005),d1d16e6f-e089-46d2-b192-4491e84c57e1,b9433c2a-3cbd-45b4-8e6b-3cb57fc5ff01
Little Fish,Richard Keddie,False,L&#039;Oréal Paris AFI Award for Best Film,2005,feature-film,Little Fish (2005),d1d16e6f-e089-46d2-b192-4491e84c57e1,a14f0fd1-1cd3-47e7-a14b-67b702a481a9
Look Both Ways,Bridget Ikin,True,L&#039;Oréal Paris AFI Award for Best Film,2005,feature-film,Look Both Ways (2005),4bfaaf1c-581d-4c06-a3ac-ad3811eedd2f,b17860e2-4ac4-482a-8aeb-7ef9f6c22e1d
Oyster Farmer,Anthony Buckley,False,L&#039;Oréal Paris AFI Award for Best Film,2005,feature-film,Oyster Farmer (2005),11a788f5-2c6d-4547-9d3e-4abc237779b8,8d3be2d2-2e00-444c-83df-ad1358ba2b6c
Oyster Farmer,Piers Tempest,False,L&#039;Oréal Paris AFI Award for Best Film,2005,feature-film,Oyster Farmer (2005),11a788f5-2c6d-4547-9d3e-4abc237779b8,2f87aa2d-dd55-456e-bbde-5e3fdf637bc4
The Proposition,Chris Brown,False,L&#039;Oréal Paris AFI Award for Best Film,2005,feature-film,The Proposition (2005),19220ba5-a9b2-481d-b561-b482e304c6aa,f4d79056-7dec-4d13-a691-fc2ae0579899
The Proposition,Jackie O'Sullivan,False,L&#039;Oréal Paris AFI Award for Best Film,2005,feature-film,The Proposition (2005),19220ba5-a9b2-481d-b561-b482e304c6aa,b1e23c58-cc2c-454d-b443-370da627abd5
The Proposition,Chiara Menage,False,L&#039;Oréal Paris AFI Award for Best Film,2005,feature-film,The Proposition (2005),19220ba5-a9b2-481d-b561-b482e304c6aa,9ad28eca-b6a4-4428-9efb-aa8499ac6e43
The Proposition,Cat Villiers,False,L&#039;Oréal Paris AFI Award for Best Film,2005,feature-film,The Proposition (2005),19220ba5-a9b2-481d-b561-b482e304c6aa,b197ec0b-b476-41ce-abf5-38b57bd9948a
Candy,Margaret Fink,False,L&#039;Oréal Paris AFI Award for Best Film,2006,feature-film,Candy (2006),4bac656b-84bd-4dce-a911-258f19b9c0f8,7b23ce42-de23-4b57-a29e-28e6f4ba3aeb
Candy,Emile Sherman,False,L&#039;Oréal Paris AFI Award for Best Film,2006,feature-film,Candy (2006),4bac656b-84bd-4dce-a911-258f19b9c0f8,9f711665-d254-4e4e-bbe9-e777776c4c19
Jindabyne,April Films,False,L&#039;Oréal Paris AFI Award for Best Film,2006,feature-film,Jindabyne (2006),00c2c951-6643-4a60-a0d0-a96361286abc,036cfd80-df3e-4185-803c-12305a953b34
Jindabyne,Catherine Jarman,False,L&#039;Oréal Paris AFI Award for Best Film,2006,feature-film,Jindabyne (2006),00c2c951-6643-4a60-a0d0-a96361286abc,835de475-e4de-4a85-b5c5-74adef47d8b2
Kenny,Clayton Jacobson,False,L&#039;Oréal Paris AFI Award for Best Film,2006,feature-film,Kenny (2006),b382701d-1b7a-4dc6-a818-b8191270e930,76be6bd7-6f9a-4b0a-a246-56517c2c4f05
Kenny,Rohan Timlock,False,L&#039;Oréal Paris AFI Award for Best Film,2006,feature-film,Kenny (2006),b382701d-1b7a-4dc6-a818-b8191270e930,910f1545-4830-4187-9b67-578f55cd5c05
Ten Canoes,Julie Ryan,True,L&#039;Oréal Paris AFI Award for Best Film,2006,feature-film,Ten Canoes (2006),7b8e11b5-a773-4afd-bfa5-ff29d9363201,7eb91846-abe0-4a34-88c2-5e5f0dbf6ad2
Ten Canoes,Rolf de Heer,True,L&#039;Oréal Paris AFI Award for Best Film,2006,feature-film,Ten Canoes (2006),7b8e11b5-a773-4afd-bfa5-ff29d9363201,d4863486-1c78-4514-a158-b52376a7c155
Lucky Miles,Jo Dyer,False,L&#039;Oréal Paris AFI Award for Best Film,2007,feature-film-3,Lucky Miles (2007),c3920de3-e6ca-476a-80a6-7877532aecf0,db6026e0-ded6-4165-8a9a-b77029d198b3
Lucky Miles,Lesly Dyer,False,L&#039;Oréal Paris AFI Award for Best Film,2007,feature-film-3,Lucky Miles (2007),c3920de3-e6ca-476a-80a6-7877532aecf0,e784a7ca-fa82-4ddb-a1c3-0bfc80f9fa59
Noise,Trevor Blainey,False,L&#039;Oréal Paris AFI Award for Best Film,2007,feature-film-3,Noise (2007),de8b2ade-ace2-4247-891a-287330b1f75e,9a5e314d-0671-4612-acba-02be9dcb1c1a
"Romulus, My Father",Robert Connolly,True,L&#039;Oréal Paris AFI Award for Best Film,2007,feature-film-3,"Romulus, My Father (2007)",295b6c1b-248d-46c9-9f6c-df635fd3154c,e4347304-427e-4a0c-aff4-6a8875fc1f75
"Romulus, My Father",John Maynard,True,L&#039;Oréal Paris AFI Award for Best Film,2007,feature-film-3,"Romulus, My Father (2007)",295b6c1b-248d-46c9-9f6c-df635fd3154c,99f6daf9-2060-491b-ac1e-873ddd51899e
The Home Song Stories,Liz Watts,False,L&#039;Oréal Paris AFI Award for Best Film,2007,feature-film-3,The Home Song Stories (2007),fb3847ec-5da9-4a18-984b-f94397338480,b9433c2a-3cbd-45b4-8e6b-3cb57fc5ff01
The Home Song Stories,Michael McMahon,False,L&#039;Oréal Paris AFI Award for Best Film,2007,feature-film-3,The Home Song Stories (2007),fb3847ec-5da9-4a18-984b-f94397338480,a17281a7-3cc0-450e-beee-5f128b41dee3
The Black Balloon,Tristram Miall,True,L&#039;Oréal Paris AFI Award for Best Film,2008,feature-film,The Black Balloon (2008),d8aa1e3e-358f-4b3b-b448-84547815ea3d,07e4cff0-5f68-4e88-bd3b-75f1a42172a4
The Jammed,Dee McLachlan,False,L&#039;Oréal Paris AFI Award for Best Film,2008,feature-film,The Jammed (2008),a667f762-d3e6-4f25-b4c6-d14fe7a0e322,47ab34bf-66eb-46e0-bde2-09d7dd05aca2
The Jammed,Andrea Buck,False,L&#039;Oréal Paris AFI Award for Best Film,2008,feature-film,The Jammed (2008),a667f762-d3e6-4f25-b4c6-d14fe7a0e322,259f84ca-88f6-4f4e-959d-39c0d07b80c4
The Jammed,Sally Ayre-Smith,False,L&#039;Oréal Paris AFI Award for Best Film,2008,feature-film,The Jammed (2008),a667f762-d3e6-4f25-b4c6-d14fe7a0e322,da3b79d0-31b4-4ff7-9707-d726e4cb6454
The Square,Louise Smith,False,L&#039;Oréal Paris AFI Award for Best Film,2008,feature-film,The Square (2008),2b2e3448-cea4-404b-8be5-552b0c7a6eaa,b3ea747a-4dd7-44bb-abd1-e04d3ae25113
Unfinished Sky,Cathy Overett,False,L&#039;Oréal Paris AFI Award for Best Film,2008,feature-film,Unfinished Sky (2008),f12f0bd3-5ae3-4f6e-8c7c-b3f1d38d8149,9549fab2-d0e2-4315-947c-4a78e8878817
Unfinished Sky,Anton Smit,False,L&#039;Oréal Paris AFI Award for Best Film,2008,feature-film,Unfinished Sky (2008),f12f0bd3-5ae3-4f6e-8c7c-b3f1d38d8149,847ec459-48f0-43c2-a508-a71f3434bdea
Balibo,John Maynard,False,Samsung Mobile AFI Award for Best Film,2009,feature-film-2,Balibo (2009),04b59c25-bc40-48ec-87be-62ec7d4effde,99f6daf9-2060-491b-ac1e-873ddd51899e
Balibo,Rebecca Williamson,False,Samsung Mobile AFI Award for Best Film,2009,feature-film-2,Balibo (2009),04b59c25-bc40-48ec-87be-62ec7d4effde,5bd14d6e-09a3-4812-9281-24f0e2848f4d
Beautiful Kate,Leah Churchill-Brown,False,Samsung Mobile AFI Award for Best Film,2009,feature-film-2,Beautiful Kate (2009),2a32d50f-3899-4746-9aa9-6c4e12d45cc7,0a904f9c-78ad-4d3c-8ba6-a561118a16b7
Beautiful Kate,Bryan Brown,False,Samsung Mobile AFI Award for Best Film,2009,feature-film-2,Beautiful Kate (2009),2a32d50f-3899-4746-9aa9-6c4e12d45cc7,6991079b-32f3-46db-8f15-f0b236bdb6fb
Blessed,Al Clark,False,Samsung Mobile AFI Award for Best Film,2009,feature-film-2,Blessed (2009),41821ddc-8c65-4363-bf96-7d61f12cab33,a0679aa8-7d5c-4329-aaba-35a1b8edc89b
Mao's Last Dancer,Jane Scott,False,Samsung Mobile AFI Award for Best Film,2009,feature-film-2,Mao's Last Dancer (2009),ecf39ee0-9625-4482-b86b-455567509c7c,a8e09bfd-557f-4db7-b8fe-82b9a90662fe
Mary And Max,Melanie Coombs,False,Samsung Mobile AFI Award for Best Film,2009,feature-film-2,Mary And Max (2009),48906c98-766b-47bd-bbd6-1f9065b6cbb5,1a0171de-21a1-4e21-89c7-7c5bb3bb3ee7
Samson & Delilah,Kath Shelper,True,Samsung Mobile AFI Award for Best Film,2009,feature-film-2,Samson & Delilah (2009),337dfa7a-5450-4042-8788-c04e4063623a,8303dd3e-ff1e-4707-a51b-211ea80d08ba
Animal Kingdom,Liz Watts,True,Samsung Mobile AFI Award for Best Film,2010,feature-film,Animal Kingdom (2010),2a6334b9-ed16-4976-8d35-f6b3fe3848fa,b9433c2a-3cbd-45b4-8e6b-3cb57fc5ff01
Beneath Hill 60,Bill Leimbach,False,Samsung Mobile AFI Award for Best Film,2010,feature-film,Beneath Hill 60 (2010),f0aaf067-e136-46bc-8587-01b2c5c03eda,973ddfb8-5a67-4829-bca0-a86482706d11
Bran Nue Dae,Robyn Kershaw,False,Samsung Mobile AFI Award for Best Film,2010,feature-film,Bran Nue Dae (2010),9d8a50d3-cacb-4fa9-a213-df1845834d68,2a19d8ae-9bb8-4916-9eeb-5f3af3b72b99
Bran Nue Dae,Graeme Isaac,False,Samsung Mobile AFI Award for Best Film,2010,feature-film,Bran Nue Dae (2010),9d8a50d3-cacb-4fa9-a213-df1845834d68,801975c4-4050-4298-8986-b3b1da1a50a1
Bright Star,Jan Chapman,False,Samsung Mobile AFI Award for Best Film,2010,feature-film,Bright Star (2010),5ad9be39-eb30-46d9-8759-d4c3f6cb1f0f,a1c5f983-733b-4500-b051-1cf71add3479
Bright Star,Caroline Hewitt,False,Samsung Mobile AFI Award for Best Film,2010,feature-film,Bright Star (2010),5ad9be39-eb30-46d9-8759-d4c3f6cb1f0f,eece2bb3-fd06-4f13-8a98-daba460645af
The Tree,Sue Taylor,False,Samsung Mobile AFI Award for Best Film,2010,feature-film,The Tree (2010),5e2410bd-ce9c-4254-8837-865113ecb50e,b12a80a7-5673-47b7-9e41-b5f7fe238de6
The Tree,Yaël Fogiel,False,Samsung Mobile AFI Award for Best Film,2010,feature-film,The Tree (2010),5e2410bd-ce9c-4254-8837-865113ecb50e,1c700bc8-f336-43f2-96d1-4f3893f8e061
Tomorrow When The War Began,Andrew Mason,False,Samsung Mobile AFI Award for Best Film,2010,feature-film,Tomorrow When The War Began (2010),11166d1e-325e-4203-9fb2-061585844995,f6e8ea7e-76aa-4787-9ffc-47ccf6609f01
Tomorrow When The War Began,Michael Boughen,False,Samsung Mobile AFI Award for Best Film,2010,feature-film,Tomorrow When The War Began (2010),11166d1e-325e-4203-9fb2-061585844995,ed7c6455-ed4c-405c-8b81-e1f3b16d5000
The Eye Of The Storm,Antony Waddington,False,Samsung AACTA Award for Best Film,2011,feature-film,The Eye Of The Storm (2011),4ca442af-9fe1-499d-a6ef-aba33df4e3ef,cf92e02d-e986-493b-af68-4d24639d6b70
The Eye Of The Storm,Gregory Read,False,Samsung AACTA Award for Best Film,2011,feature-film,The Eye Of The Storm (2011),4ca442af-9fe1-499d-a6ef-aba33df4e3ef,f624a437-f42e-4831-a3ac-e8c85c9c6be6
The Eye Of The Storm,Fred Schepisi,False,Samsung AACTA Award for Best Film,2011,feature-film,The Eye Of The Storm (2011),4ca442af-9fe1-499d-a6ef-aba33df4e3ef,b80121d1-23bd-41c3-85fc-1cc0264596c5
The Hunter,Vincent Sheehan,False,Samsung AACTA Award for Best Film,2011,feature-film,The Hunter (2011),8d0ddeb0-1460-4c7c-acd9-75b027056b1a,7de0577a-491e-4672-b4a7-126a131ebcac
Mad Bastards,David Jowsey,False,Samsung AACTA Award for Best Film,2011,feature-film,Mad Bastards (2011),c01c59c6-bbac-480e-a1a8-251056f5b135,b5f4499b-f9e7-4352-9c90-7bc9d0ef684b
Mad Bastards,Alan Pigram,False,Samsung AACTA Award for Best Film,2011,feature-film,Mad Bastards (2011),c01c59c6-bbac-480e-a1a8-251056f5b135,35b1985d-8983-4721-af0a-bbc04d9b8c77
Mad Bastards,Stephen Pigram,False,Samsung AACTA Award for Best Film,2011,feature-film,Mad Bastards (2011),c01c59c6-bbac-480e-a1a8-251056f5b135,8d0bbc4a-5516-4c27-b88c-04bb773372ad
Mad Bastards,Brendan Fletcher,False,Samsung AACTA Award for Best Film,2011,feature-film,Mad Bastards (2011),c01c59c6-bbac-480e-a1a8-251056f5b135,93e78ff1-78c1-4335-a26a-13b001430ebc
Oranges And Sunshine,Camilla Bray,False,Samsung AACTA Award for Best Film,2011,feature-film,Oranges And Sunshine (2011),f7a21eab-9023-43d2-a712-59aa735c08b6,5a54f4a2-c5d3-4fc9-acbe-bcae8be85e14
Oranges And Sunshine,Emile Sherman,False,Samsung AACTA Award for Best Film,2011,feature-film,Oranges And Sunshine (2011),f7a21eab-9023-43d2-a712-59aa735c08b6,9f711665-d254-4e4e-bbe9-e777776c4c19
Oranges And Sunshine,Iain Canning,False,Samsung AACTA Award for Best Film,2011,feature-film,Oranges And Sunshine (2011),f7a21eab-9023-43d2-a712-59aa735c08b6,01210ab3-c557-4ed2-ba8e-03947ed3edf2
Red Dog,Nelson Woss,True,Samsung AACTA Award for Best Film,2011,feature-film,Red Dog (2011),a8ab78d5-965a-4f80-a0c9-1a9f92f6b6eb,bded8512-70b5-4ecd-86f2-8463f4eb97a6
Red Dog,Julie Ryan,True,Samsung AACTA Award for Best Film,2011,feature-film,Red Dog (2011),a8ab78d5-965a-4f80-a0c9-1a9f92f6b6eb,7eb91846-abe0-4a34-88c2-5e5f0dbf6ad2
Snowtown,Anna McLeish,False,Samsung AACTA Award for Best Film,2011,feature-film,Snowtown (2011),27450bc4-a54a-40d8-9ef7-ef0e223e9b14,5491a82f-f6f7-4624-9079-34066c8d8190
Snowtown,Sarah Shaw,False,Samsung AACTA Award for Best Film,2011,feature-film,Snowtown (2011),27450bc4-a54a-40d8-9ef7-ef0e223e9b14,ec52df30-ba2c-47b9-a7c4-f471a9e191e8
Burning Man,Andy Paterson,False,AACTA Award for Best Film,2012,feature-film,Burning Man (2012),8e0e8fe2-8793-4638-a739-3b3330e3d648,df8ece75-5acf-48e3-b94e-1c7f0656216d
Burning Man,Jonathan Teplitzky,False,AACTA Award for Best Film,2012,feature-film,Burning Man (2012),8e0e8fe2-8793-4638-a739-3b3330e3d648,f7562bea-b61e-45b2-be4a-ab7a6c1a723c
Lore,Karsten Stöter,False,AACTA Award for Best Film,2012,feature-film,Lore (2012),dd5b50cc-b3c2-4196-b4ac-9fe049043f3f,80c54e3e-a040-45ef-8f22-8fe1af269112
Lore,Liz Watts,False,AACTA Award for Best Film,2012,feature-film,Lore (2012),dd5b50cc-b3c2-4196-b4ac-9fe049043f3f,b9433c2a-3cbd-45b4-8e6b-3cb57fc5ff01
Lore,Paul Welsh,False,AACTA Award for Best Film,2012,feature-film,Lore (2012),dd5b50cc-b3c2-4196-b4ac-9fe049043f3f,f867a99d-5beb-4cfa-ad32-8f995c244a99
Lore,Benny Drechsel,False,AACTA Award for Best Film,2012,feature-film,Lore (2012),dd5b50cc-b3c2-4196-b4ac-9fe049043f3f,4aa9c8a3-aec7-410d-be26-e4234e8f3d00
The Sapphires,Rosemary Blight,True,AACTA Award for Best Film,2012,feature-film,The Sapphires (2012),8638f77f-d08f-4c89-af3e-29313a21c7ce,68598e74-2228-431f-bfa2-a5bd3ac1dc4f
The Sapphires,Kylie du Fresne.,True,AACTA Award for Best Film,2012,feature-film,The Sapphires (2012),8638f77f-d08f-4c89-af3e-29313a21c7ce,c5858a32-1698-459e-9eb9-33dc1df915f1
Wish You Were Here,Angie Fielder,False,AACTA Award for Best Film,2012,feature-film,Wish You Were Here (2012),72de1b84-02ee-46ae-bfe6-b884b290f38c,08e771e1-ef0e-4e1f-a74f-5b8d8d2da26d
Dead Europe,Emile Sherman,False,AACTA Award for Best Film,2013,feature-film,Dead Europe (2013),063bf2e7-a804-45a8-993f-0962c7b2fc5b,9f711665-d254-4e4e-bbe9-e777776c4c19
Dead Europe,Iain Canning,False,AACTA Award for Best Film,2013,feature-film,Dead Europe (2013),063bf2e7-a804-45a8-993f-0962c7b2fc5b,01210ab3-c557-4ed2-ba8e-03947ed3edf2
Dead Europe,Liz Watts,False,AACTA Award for Best Film,2013,feature-film,Dead Europe (2013),063bf2e7-a804-45a8-993f-0962c7b2fc5b,b9433c2a-3cbd-45b4-8e6b-3cb57fc5ff01
The Great Gatsby,Baz Luhrmann,True,AACTA Award for Best Film,2013,feature-film,The Great Gatsby (2013),bc9783fc-b085-463a-83a4-3fd2a6f11d7e,ecfa7218-9a71-4575-b9ca-4f0005eda506
The Great Gatsby,Catherine Martin,True,AACTA Award for Best Film,2013,feature-film,The Great Gatsby (2013),bc9783fc-b085-463a-83a4-3fd2a6f11d7e,9477cd3f-54ca-4e8b-9d78-c79cbb840af2
The Great Gatsby,Douglas Wick,True,AACTA Award for Best Film,2013,feature-film,The Great Gatsby (2013),bc9783fc-b085-463a-83a4-3fd2a6f11d7e,653c6469-b5ca-4eb4-9b94-fbb836bee96d
The Great Gatsby,Lucy Fisher,True,AACTA Award for Best Film,2013,feature-film,The Great Gatsby (2013),bc9783fc-b085-463a-83a4-3fd2a6f11d7e,c1628e20-2b89-42fd-9205-17b5699c7eaa
The Great Gatsby,Catherine Knapman,True,AACTA Award for Best Film,2013,feature-film,The Great Gatsby (2013),bc9783fc-b085-463a-83a4-3fd2a6f11d7e,21f5e77d-5d9a-495a-b548-b34a79981550
Mystery Road,David Jowsey,False,AACTA Award for Best Film,2013,feature-film,Mystery Road (2013),c0c47121-2874-4c2e-87dc-b19a8a2732d3,b5f4499b-f9e7-4352-9c90-7bc9d0ef684b
The Rocket,Sylvia Wilczynski,False,AACTA Award for Best Film,2013,feature-film,The Rocket (2013),6cc312bb-ab89-4ea9-a405-277ec31d8c46,e49c3d30-1617-4e38-8676-d5a98f475c66
Satellite Boy,David Jowsey,False,AACTA Award for Best Film,2013,feature-film,Satellite Boy (2013),b89d574e-9865-4abd-9f85-f67b76c1c38c,b5f4499b-f9e7-4352-9c90-7bc9d0ef684b
Satellite Boy,Julie Ryan,False,AACTA Award for Best Film,2013,feature-film,Satellite Boy (2013),b89d574e-9865-4abd-9f85-f67b76c1c38c,7eb91846-abe0-4a34-88c2-5e5f0dbf6ad2
Satellite Boy,Catriona McKenzie,False,AACTA Award for Best Film,2013,feature-film,Satellite Boy (2013),b89d574e-9865-4abd-9f85-f67b76c1c38c,91488931-e6e6-4cdc-a723-eec28900af88
The Turning,Robert Connolly,False,AACTA Award for Best Film,2013,feature-film,The Turning (2013),ac2ea3ff-4885-4d50-9d6d-2c4ee228408f,e4347304-427e-4a0c-aff4-6a8875fc1f75
The Turning,Maggie Miles,False,AACTA Award for Best Film,2013,feature-film,The Turning (2013),ac2ea3ff-4885-4d50-9d6d-2c4ee228408f,6a517eef-c10f-4e58-a339-e306406d93cb
The Turning,The Turning Ensemble,False,AACTA Award for Best Film,2013,feature-film,The Turning (2013),ac2ea3ff-4885-4d50-9d6d-2c4ee228408f,f16135fe-30e7-46f6-a75a-933e54ce466a
The Babadook,Kristina Ceyton,True,AACTA Award for Best Film,2014,feature-film,The Babadook (2014),3cbbf6b8-93bd-490d-b464-a2b0e7e84426,d391e800-82e7-4655-af53-4e8a5dac2622
The Babadook,Kristian Moliere,True,AACTA Award for Best Film,2014,feature-film,The Babadook (2014),3cbbf6b8-93bd-490d-b464-a2b0e7e84426,956dabb9-35d6-4c4d-b866-5c1985bf5cf1
Charlie's Country,Nils Erik Nielsen,False,AACTA Award for Best Film,2014,feature-film,Charlie's Country (2014),0fb38480-45c6-4f3f-bd84-6d73afb9b5ae,5536ed6b-f914-42f7-867a-0333cf031e13
Charlie's Country,Peter Djigirr,False,AACTA Award for Best Film,2014,feature-film,Charlie's Country (2014),0fb38480-45c6-4f3f-bd84-6d73afb9b5ae,0b0b5316-6f5a-4a3a-af13-c66f07efe000
Charlie's Country,Rolf de Heer,False,AACTA Award for Best Film,2014,feature-film,Charlie's Country (2014),0fb38480-45c6-4f3f-bd84-6d73afb9b5ae,d4863486-1c78-4514-a158-b52376a7c155
Predestination,Paddy McDonald,False,AACTA Award for Best Film,2014,feature-film,Predestination (2014),480725d2-94f6-4ab7-b89f-82f8c652f68e,749226ff-7bfb-4a16-a5b2-9dd3e36a07f8
Predestination,Tim McGahan,False,AACTA Award for Best Film,2014,feature-film,Predestination (2014),480725d2-94f6-4ab7-b89f-82f8c652f68e,6d8fef96-0748-4fee-aedb-8b8340faef0b
Predestination,Peter Spierig,False,AACTA Award for Best Film,2014,feature-film,Predestination (2014),480725d2-94f6-4ab7-b89f-82f8c652f68e,22df705a-b9f8-4dc1-a8dd-1b96561d28a9
Predestination,Michael Spierig,False,AACTA Award for Best Film,2014,feature-film,Predestination (2014),480725d2-94f6-4ab7-b89f-82f8c652f68e,1b485aa2-3918-4940-ab92-78f66f2f0fb8
The Railway Man,Chris Brown,False,AACTA Award for Best Film,2014,feature-film,The Railway Man (2014),ecbfdeba-b2df-4a5f-afc6-9434c6e51510,f4d79056-7dec-4d13-a691-fc2ae0579899
The Railway Man,Andy Paterson,False,AACTA Award for Best Film,2014,feature-film,The Railway Man (2014),ecbfdeba-b2df-4a5f-afc6-9434c6e51510,df8ece75-5acf-48e3-b94e-1c7f0656216d
The Railway Man,Bill Curbishley,False,AACTA Award for Best Film,2014,feature-film,The Railway Man (2014),ecbfdeba-b2df-4a5f-afc6-9434c6e51510,0935c8a4-d241-480e-9e2d-5e23c2dfffa4
Tracks,Emile Sherman,False,AACTA Award for Best Film,2014,feature-film,Tracks (2014),0761b295-a61d-46a9-a4af-c51b9813a968,9f711665-d254-4e4e-bbe9-e777776c4c19
Tracks,Iain Canning,False,AACTA Award for Best Film,2014,feature-film,Tracks (2014),0761b295-a61d-46a9-a4af-c51b9813a968,01210ab3-c557-4ed2-ba8e-03947ed3edf2
The Water Diviner,Andrew Mason,True,AACTA Award for Best Film,2014,feature-film,The Water Diviner (2014),86206efb-dacf-46d0-935d-a0d6f6e58b9a,f6e8ea7e-76aa-4787-9ffc-47ccf6609f01
The Water Diviner,Keith Rodger,True,AACTA Award for Best Film,2014,feature-film,The Water Diviner (2014),86206efb-dacf-46d0-935d-a0d6f6e58b9a,c133802d-03d1-4b75-a54c-05b972f610f2
The Water Diviner,Troy Lum,True,AACTA Award for Best Film,2014,feature-film,The Water Diviner (2014),86206efb-dacf-46d0-935d-a0d6f6e58b9a,435111ff-6b5e-4540-b1b2-16f2d4690a16
The Dressmaker,Sue Maslin,False,AACTA Award for Best Film presented by Presto,2015,feature-film,The Dressmaker (2015),2901ae2b-06eb-4dcf-bb81-c45a0c99b607,3d1f64dd-8418-4b07-bb7d-117700138047
Holding The Man,Kylie du Fresne,False,AACTA Award for Best Film presented by Presto,2015,feature-film,Holding The Man (2015),84e61196-d1a6-4599-bdf7-1e1fdb8ce10e,ae0384c2-56d9-47af-9b66-ff5c5c197e9d
Last Cab To Darwin,Greg Duffy,False,AACTA Award for Best Film presented by Presto,2015,feature-film,Last Cab To Darwin (2015),d712c157-b6c7-4801-884c-c202ba727502,d785a5d2-6c9c-4bc7-a538-d607e5dd55da
Last Cab To Darwin,Lisa Duff,False,AACTA Award for Best Film presented by Presto,2015,feature-film,Last Cab To Darwin (2015),d712c157-b6c7-4801-884c-c202ba727502,a4c8e8c0-79f2-4486-825c-5b658bd8a4bc
Last Cab To Darwin,Jeremy Sims,False,AACTA Award for Best Film presented by Presto,2015,feature-film,Last Cab To Darwin (2015),d712c157-b6c7-4801-884c-c202ba727502,7decb797-4d87-4c34-9c3d-0e15d224b104
Mad Max: Fury Road,Doug Mitchell,True,AACTA Award for Best Film presented by Presto,2015,feature-film,Mad Max: Fury Road (2015),7c58f598-3108-489c-bdd9-602643aba05a,946a4377-a1da-4c97-8c03-8e0d2adb9d78
Mad Max: Fury Road,PJ Voeten,True,AACTA Award for Best Film presented by Presto,2015,feature-film,Mad Max: Fury Road (2015),7c58f598-3108-489c-bdd9-602643aba05a,45f0d65d-c6ce-4e29-83c1-5c3379422903
Mad Max: Fury Road,George Miller,True,AACTA Award for Best Film presented by Presto,2015,feature-film,Mad Max: Fury Road (2015),7c58f598-3108-489c-bdd9-602643aba05a,3851fac4-5616-40a1-9a8a-66dd4af4afe1
Paper Planes,Robert Connolly,False,AACTA Award for Best Film presented by Presto,2015,feature-film,Paper Planes (2015),64b3a019-ccd6-4418-8117-000dc870dc53,e4347304-427e-4a0c-aff4-6a8875fc1f75
Paper Planes,Maggie Miles,False,AACTA Award for Best Film presented by Presto,2015,feature-film,Paper Planes (2015),64b3a019-ccd6-4418-8117-000dc870dc53,6a517eef-c10f-4e58-a339-e306406d93cb
Paper Planes,Liz Kearney,False,AACTA Award for Best Film presented by Presto,2015,feature-film,Paper Planes (2015),64b3a019-ccd6-4418-8117-000dc870dc53,40d37942-5afb-49e9-8f85-5247c43c2b8d
The Daughter,Jan Chapman,False,AACTA Award for Best Film presented by Foxtel,2016,feature-film,The Daughter (2016),bd45260b-ce73-44dd-9064-227d982d5ee2,a1c5f983-733b-4500-b051-1cf71add3479
The Daughter,Nicole O'Donohue,False,AACTA Award for Best Film presented by Foxtel,2016,feature-film,The Daughter (2016),bd45260b-ce73-44dd-9064-227d982d5ee2,5a21b14d-7764-495c-aaa6-59004f7d8061
Girl Asleep,Jo Dyer,False,AACTA Award for Best Film presented by Foxtel,2016,feature-film,Girl Asleep (2016),9c45ec33-5ff4-4c18-be99-ad6b19b76718,db6026e0-ded6-4165-8a9a-b77029d198b3
Goldstone,Greer Simpkin,False,AACTA Award for Best Film presented by Foxtel,2016,feature-film,Goldstone (2016),2e0a715f-d0d2-4d3a-8903-8afc6d18c787,5da28a6f-48f9-4fd1-ae73-ed2a9f50fd23
Goldstone,David Jowsey,False,AACTA Award for Best Film presented by Foxtel,2016,feature-film,Goldstone (2016),2e0a715f-d0d2-4d3a-8903-8afc6d18c787,b5f4499b-f9e7-4352-9c90-7bc9d0ef684b
Hacksaw Ridge,Bill Mechanic,True,AACTA Award for Best Film presented by Foxtel,2016,feature-film,Hacksaw Ridge (2016),0c22e470-5e54-4c49-b1c9-484697111c4f,75af32b0-87c1-4309-99f4-fd08889aa061
Hacksaw Ridge,David Permut,True,AACTA Award for Best Film presented by Foxtel,2016,feature-film,Hacksaw Ridge (2016),0c22e470-5e54-4c49-b1c9-484697111c4f,631403bd-91c5-4eab-abda-feabdb63b6f6
Hacksaw Ridge,Paul Currie,True,AACTA Award for Best Film presented by Foxtel,2016,feature-film,Hacksaw Ridge (2016),0c22e470-5e54-4c49-b1c9-484697111c4f,404ff6e2-f1c4-4ea4-96a9-0b0fe5f57d39
Hacksaw Ridge,Bruce Davey,True,AACTA Award for Best Film presented by Foxtel,2016,feature-film,Hacksaw Ridge (2016),0c22e470-5e54-4c49-b1c9-484697111c4f,6c6b2bee-b75b-4937-a29a-904fc074191a
Tanna,Martin Butler ADG,False,AACTA Award for Best Film presented by Foxtel,2016,feature-film,Tanna (2016),f16cc373-9dcf-4390-99d6-b35cf54c4f52,d782ae23-451d-4d77-936f-cd9cbb809643
Tanna,Bentley Dean ADG,False,AACTA Award for Best Film presented by Foxtel,2016,feature-film,Tanna (2016),f16cc373-9dcf-4390-99d6-b35cf54c4f52,a955931d-edeb-48b8-b807-b418011f786e
Tanna,Carolyn Johnson,False,AACTA Award for Best Film presented by Foxtel,2016,feature-film,Tanna (2016),f16cc373-9dcf-4390-99d6-b35cf54c4f52,94f2cfaf-b18b-45ff-98f3-341c178a86c4
Ali's Wedding,Sheila Jayadev,False,AACTA Award for Best Film Presented by Foxtel,2017,feature-film,Ali's Wedding (2017),6ae9f873-c849-4fbd-87d2-210e49496d7b,3f881f2a-a4b8-4192-a746-4c222b61ae2a
Ali's Wedding,Helen Panckhurst,False,AACTA Award for Best Film Presented by Foxtel,2017,feature-film,Ali's Wedding (2017),6ae9f873-c849-4fbd-87d2-210e49496d7b,02f3ec38-7782-4a10-b27e-63d1dc17bff5
Berlin Syndrome,Polly Staniford,False,AACTA Award for Best Film Presented by Foxtel,2017,feature-film,Berlin Syndrome (2017),850f9876-49bf-45d9-8c2d-d97c1ac60800,fc563277-b515-4552-a4a3-d55921272d28
Hounds Of Love,Melissa Kelly,False,AACTA Award for Best Film Presented by Foxtel,2017,feature-film,Hounds Of Love (2017),42146670-e997-4854-9aeb-85f351958701,8c216241-b38d-4ae2-a85d-315007ab4c70
Jasper Jones,Vincent Sheehan,False,AACTA Award for Best Film Presented by Foxtel,2017,feature-film,Jasper Jones (2017),5db4d557-1232-4179-abab-ba56ed692784,7de0577a-491e-4672-b4a7-126a131ebcac
Jasper Jones,David Jowsey,False,AACTA Award for Best Film Presented by Foxtel,2017,feature-film,Jasper Jones (2017),5db4d557-1232-4179-abab-ba56ed692784,b5f4499b-f9e7-4352-9c90-7bc9d0ef684b
Lion,Emile Sherman,True,AACTA Award for Best Film Presented by Foxtel,2017,feature-film,Lion (2017),23dabea8-01d9-4151-86a8-9c897be85480,9f711665-d254-4e4e-bbe9-e777776c4c19
Lion,Iain Canning,True,AACTA Award for Best Film Presented by Foxtel,2017,feature-film,Lion (2017),23dabea8-01d9-4151-86a8-9c897be85480,01210ab3-c557-4ed2-ba8e-03947ed3edf2
Lion,Angie Fielder,True,AACTA Award for Best Film Presented by Foxtel,2017,feature-film,Lion (2017),23dabea8-01d9-4151-86a8-9c897be85480,08e771e1-ef0e-4e1f-a74f-5b8d8d2da26d
Boy Erased,Steve Golin,False,AACTA Award for Best Film Presented by Foxtel,2018,feature-filmm,Boy Erased (2018),12cae409-6314-4823-967b-7095b2166ef2,5b681fd5-797c-4049-b8b8-1cfeb8fb6195
Boy Erased,Kerry Kohansky-Roberts,False,AACTA Award for Best Film Presented by Foxtel,2018,feature-filmm,Boy Erased (2018),12cae409-6314-4823-967b-7095b2166ef2,d87ca55b-7d1e-40c0-98ea-9c23c9a0fdcd
Boy Erased,Joel Edgerton,False,AACTA Award for Best Film Presented by Foxtel,2018,feature-filmm,Boy Erased (2018),12cae409-6314-4823-967b-7095b2166ef2,bdc35dc0-25f7-4edf-b580-73aafae44d9d
Breath,Mark Johnson,False,AACTA Award for Best Film Presented by Foxtel,2018,feature-filmm,Breath (2018),fdfaf7f9-8bdd-4e02-bc53-00376062b5cd,25405684-ec17-4e54-b366-0056ac5f841a
Breath,Simon Baker,False,AACTA Award for Best Film Presented by Foxtel,2018,feature-filmm,Breath (2018),fdfaf7f9-8bdd-4e02-bc53-00376062b5cd,c31f8ff9-96ed-4255-b70c-88b0e71be416
Breath,Jamie Hilton,False,AACTA Award for Best Film Presented by Foxtel,2018,feature-filmm,Breath (2018),fdfaf7f9-8bdd-4e02-bc53-00376062b5cd,5c12fe0f-1e97-46b1-b8b8-a0cce32ee428
Cargo,Samantha Jennings,False,AACTA Award for Best Film Presented by Foxtel,2018,feature-filmm,Cargo (2018),bb4a1201-9156-48f1-900a-7ae99f2631bd,3def94eb-4833-4bda-973d-67afa5c050b7
Cargo,Kristina Ceyton,False,AACTA Award for Best Film Presented by Foxtel,2018,feature-filmm,Cargo (2018),bb4a1201-9156-48f1-900a-7ae99f2631bd,d391e800-82e7-4655-af53-4e8a5dac2622
Cargo,Russell Ackerman,False,AACTA Award for Best Film Presented by Foxtel,2018,feature-filmm,Cargo (2018),bb4a1201-9156-48f1-900a-7ae99f2631bd,be1907d0-7d4c-4849-a846-f7f190b5a7db
Cargo,John Schoenfelder,False,AACTA Award for Best Film Presented by Foxtel,2018,feature-filmm,Cargo (2018),bb4a1201-9156-48f1-900a-7ae99f2631bd,784b2e84-4c85-4071-bc6a-397c3de51ad5
Cargo,Mark Patterson,False,AACTA Award for Best Film Presented by Foxtel,2018,feature-filmm,Cargo (2018),bb4a1201-9156-48f1-900a-7ae99f2631bd,85348e93-c02d-4eef-bdac-e07033fa3848
Ladies In Black,Allanah Zitserman,False,AACTA Award for Best Film Presented by Foxtel,2018,feature-filmm,Ladies In Black (2018),69d201d5-4c21-45b1-a259-9c8b80723365,b2e567e6-c808-46a3-a4fb-7c07593e253c
Ladies In Black,Sue Milliken,False,AACTA Award for Best Film Presented by Foxtel,2018,feature-filmm,Ladies In Black (2018),69d201d5-4c21-45b1-a259-9c8b80723365,9411b095-342a-43d3-aaa1-31a6ea936171
Sweet Country,Greer Simpkin,True,AACTA Award for Best Film Presented by Foxtel,2018,feature-filmm,Sweet Country (2018),4b583750-55c7-43be-b4d8-a2a2be36bc87,5da28a6f-48f9-4fd1-ae73-ed2a9f50fd23
Sweet Country,David Jowsey,True,AACTA Award for Best Film Presented by Foxtel,2018,feature-filmm,Sweet Country (2018),4b583750-55c7-43be-b4d8-a2a2be36bc87,b5f4499b-f9e7-4352-9c90-7bc9d0ef684b
Sweet Country,David Tranter,True,AACTA Award for Best Film Presented by Foxtel,2018,feature-filmm,Sweet Country (2018),4b583750-55c7-43be-b4d8-a2a2be36bc87,536257ac-691b-4b7d-9ff5-16d726ce2d08
Hotel Mumbai,Basil Iwanyk,False,AACTA Award for Best Film Presented by Foxtel,2019,feature-film,Hotel Mumbai (2019),39cb5850-6d0e-46d5-a7fc-60237615e60a,4b4557e7-a8ec-439b-aa7c-40d085be4285
Hotel Mumbai,Gary Hamilton,False,AACTA Award for Best Film Presented by Foxtel,2019,feature-film,Hotel Mumbai (2019),39cb5850-6d0e-46d5-a7fc-60237615e60a,3a806eae-dd28-4e97-acf9-c973e276468f
Hotel Mumbai,Mike Gabrawy,False,AACTA Award for Best Film Presented by Foxtel,2019,feature-film,Hotel Mumbai (2019),39cb5850-6d0e-46d5-a7fc-60237615e60a,6264778c-0c97-414b-a770-c22dd81e950f
Hotel Mumbai,Julie Ryan,False,AACTA Award for Best Film Presented by Foxtel,2019,feature-film,Hotel Mumbai (2019),39cb5850-6d0e-46d5-a7fc-60237615e60a,7eb91846-abe0-4a34-88c2-5e5f0dbf6ad2
Hotel Mumbai,Andrew Ogilvie,False,AACTA Award for Best Film Presented by Foxtel,2019,feature-film,Hotel Mumbai (2019),39cb5850-6d0e-46d5-a7fc-60237615e60a,02bcd807-9820-4fab-985a-688197b1d4c9
Judy & Punch,Michele Bennett,False,AACTA Award for Best Film Presented by Foxtel,2019,feature-film,Judy & Punch (2019),72030161-f79f-46b8-aa64-b3ef60c08c2e,9b66dbda-6e77-443f-8cfc-4fc091bf56fc
Judy & Punch,Nash Edgerton,False,AACTA Award for Best Film Presented by Foxtel,2019,feature-film,Judy & Punch (2019),72030161-f79f-46b8-aa64-b3ef60c08c2e,49a96033-1b1d-4835-b80c-d97585defa91
Judy & Punch,Danny Gabai,False,AACTA Award for Best Film Presented by Foxtel,2019,feature-film,Judy & Punch (2019),72030161-f79f-46b8-aa64-b3ef60c08c2e,5539b868-d749-4365-b805-7eaddb24c9e2
The King,Brad Pitt,False,AACTA Award for Best Film Presented by Foxtel,2019,feature-film,The King (2019),786d7fbd-6eee-4ef5-b97e-9a7daebb4b06,1d48d663-25b7-4d06-aa05-c184d5a6622d
The King,Dede Gardner,False,AACTA Award for Best Film Presented by Foxtel,2019,feature-film,The King (2019),786d7fbd-6eee-4ef5-b97e-9a7daebb4b06,9b9de30f-1bb6-4e51-9804-faccc928cc9f
The King,Jeremy Kleiner,False,AACTA Award for Best Film Presented by Foxtel,2019,feature-film,The King (2019),786d7fbd-6eee-4ef5-b97e-9a7daebb4b06,64d4f991-6a25-4596-b6e1-a631696f3e6b
The King,Liz Watts,False,AACTA Award for Best Film Presented by Foxtel,2019,feature-film,The King (2019),786d7fbd-6eee-4ef5-b97e-9a7daebb4b06,b9433c2a-3cbd-45b4-8e6b-3cb57fc5ff01
The King,David Michôd,False,AACTA Award for Best Film Presented by Foxtel,2019,feature-film,The King (2019),786d7fbd-6eee-4ef5-b97e-9a7daebb4b06,b97a35d7-b5a9-45db-9d31-5db196b52ab7
The King,Joel Edgerton,False,AACTA Award for Best Film Presented by Foxtel,2019,feature-film,The King (2019),786d7fbd-6eee-4ef5-b97e-9a7daebb4b06,bdc35dc0-25f7-4edf-b580-73aafae44d9d
The Nightingale,Kristina Ceyton,True,AACTA Award for Best Film Presented by Foxtel,2019,feature-film,The Nightingale (2019),c62e9683-f9ed-4aa1-a7a1-c7d39187bc97,d391e800-82e7-4655-af53-4e8a5dac2622
The Nightingale,Bruna Papandrea,True,AACTA Award for Best Film Presented by Foxtel,2019,feature-film,The Nightingale (2019),c62e9683-f9ed-4aa1-a7a1-c7d39187bc97,44fae8c8-d758-4c4d-95d5-a690c130a42a
The Nightingale,Steve Hutensky,True,AACTA Award for Best Film Presented by Foxtel,2019,feature-film,The Nightingale (2019),c62e9683-f9ed-4aa1-a7a1-c7d39187bc97,2162ce6c-893d-401f-8b99-91fb40f83a12
The Nightingale,Jennifer Kent,True,AACTA Award for Best Film Presented by Foxtel,2019,feature-film,The Nightingale (2019),c62e9683-f9ed-4aa1-a7a1-c7d39187bc97,592fb5a3-18df-4678-b43e-ac67046f3976
Ride Like a Girl,Richard Keddie,False,AACTA Award for Best Film Presented by Foxtel,2019,feature-film,Ride Like a Girl (2019),5e0fef17-1365-49ab-8aab-9c6426bbea21,a14f0fd1-1cd3-47e7-a14b-67b702a481a9
Ride Like a Girl,Rachel Griffiths,False,AACTA Award for Best Film Presented by Foxtel,2019,feature-film,Ride Like a Girl (2019),5e0fef17-1365-49ab-8aab-9c6426bbea21,82022338-801a-419b-95a1-1c4d5b81763b
Ride Like a Girl,Susie Montague,False,AACTA Award for Best Film Presented by Foxtel,2019,feature-film,Ride Like a Girl (2019),5e0fef17-1365-49ab-8aab-9c6426bbea21,fba797d0-b397-4320-aeba-760f5e59f7b3
Top End Wedding,Rosemary Blight,False,AACTA Award for Best Film Presented by Foxtel,2019,feature-film,Top End Wedding (2019),ac2fef20-8c20-4a9e-834e-e44e695191a0,68598e74-2228-431f-bfa2-a5bd3ac1dc4f
Top End Wedding,Kylie du Fresne,False,AACTA Award for Best Film Presented by Foxtel,2019,feature-film,Top End Wedding (2019),ac2fef20-8c20-4a9e-834e-e44e695191a0,ae0384c2-56d9-47af-9b66-ff5c5c197e9d
Top End Wedding,Kate Croser,False,AACTA Award for Best Film Presented by Foxtel,2019,feature-film,Top End Wedding (2019),ac2fef20-8c20-4a9e-834e-e44e695191a0,b058c40a-e4f6-4d14-8ced-e51b19e2f0a1
Babyteeth,Alex White,True,AACTA Award for Best Film Presented by Foxtel,2020,film,Babyteeth (2020),254faeb7-d3e1-4b9d-a2c5-938162c9e2a0,d24b35e8-4944-4a0a-b99e-2e3d0990a887
H Is For Happiness,Julie Ryan,False,AACTA Award for Best Film Presented by Foxtel,2020,film,H Is For Happiness (2020),3783c7ca-d711-465e-a120-8f3ea21e00f7,7eb91846-abe0-4a34-88c2-5e5f0dbf6ad2
H Is For Happiness,Tenille Kennedy,False,AACTA Award for Best Film Presented by Foxtel,2020,film,H Is For Happiness (2020),3783c7ca-d711-465e-a120-8f3ea21e00f7,378a3d48-26dc-4e5b-96b5-ef78941433fb
H Is For Happiness,Lisa Hoppe,False,AACTA Award for Best Film Presented by Foxtel,2020,film,H Is For Happiness (2020),3783c7ca-d711-465e-a120-8f3ea21e00f7,e3201683-3062-4a2d-82d7-bb2a6876a1f6
I Am Woman,Rosemary Blight,False,AACTA Award for Best Film Presented by Foxtel,2020,film,I Am Woman (2020),624b34d6-e4fa-4117-aac8-0e4cf6d7c42f,68598e74-2228-431f-bfa2-a5bd3ac1dc4f
I Am Woman,Unjoo Moon,False,AACTA Award for Best Film Presented by Foxtel,2020,film,I Am Woman (2020),624b34d6-e4fa-4117-aac8-0e4cf6d7c42f,57319335-3bce-4106-a8e3-bba8c18f1b04
The Invisible Man,Kylie du Fresne,False,AACTA Award for Best Film Presented by Foxtel,2020,film,The Invisible Man (2020),b9f14c91-a244-4dd5-82ec-5531dbd1c4de,ae0384c2-56d9-47af-9b66-ff5c5c197e9d
The Invisible Man,Jason Blum,False,AACTA Award for Best Film Presented by Foxtel,2020,film,The Invisible Man (2020),b9f14c91-a244-4dd5-82ec-5531dbd1c4de,9b930d8f-b981-4148-a426-2a6a1a5b2fb1
Relic,Anna McLeish,False,AACTA Award for Best Film Presented by Foxtel,2020,film,Relic (2020),a4e25091-e4fa-4db1-aac2-7c56d276f6de,5491a82f-f6f7-4624-9079-34066c8d8190
Relic,Sarah Shaw,False,AACTA Award for Best Film Presented by Foxtel,2020,film,Relic (2020),a4e25091-e4fa-4db1-aac2-7c56d276f6de,ec52df30-ba2c-47b9-a7c4-f471a9e191e8
True History of the Kelly Gang,Hal Vogel,False,AACTA Award for Best Film Presented by Foxtel,2020,film,True History of the Kelly Gang (2020),744b866c-0a5f-481b-9e37-176b94598c48,4d1cb2cf-372d-435f-856b-350cf3d92af0
True History of the Kelly Gang,Liz Watts,False,AACTA Award for Best Film Presented by Foxtel,2020,film,True History of the Kelly Gang (2020),744b866c-0a5f-481b-9e37-176b94598c48,b9433c2a-3cbd-45b4-8e6b-3cb57fc5ff01
True History of the Kelly Gang,Justin Kurzel,False,AACTA Award for Best Film Presented by Foxtel,2020,film,True History of the Kelly Gang (2020),744b866c-0a5f-481b-9e37-176b94598c48,1738417e-8ed8-4035-b5f5-73f2a91195da
True History of the Kelly Gang,Paul Ranford,False,AACTA Award for Best Film Presented by Foxtel,2020,film,True History of the Kelly Gang (2020),744b866c-0a5f-481b-9e37-176b94598c48,3ef4eb81-860e-4018-bb58-3e5cb1bf6490
The Dry,Bruna Papandrea,False,AACTA Award for Best Film,2021,film,The Dry (2021),eba2a2f3-670e-4f48-9a11-8dc9694a8bd1,44fae8c8-d758-4c4d-95d5-a690c130a42a
The Dry,Jodi Matterson,False,AACTA Award for Best Film,2021,film,The Dry (2021),eba2a2f3-670e-4f48-9a11-8dc9694a8bd1,3004d97b-cb14-44f9-9b5d-be31bad51c95
The Dry,Steve Hutensky,False,AACTA Award for Best Film,2021,film,The Dry (2021),eba2a2f3-670e-4f48-9a11-8dc9694a8bd1,2162ce6c-893d-401f-8b99-91fb40f83a12
The Dry,Rob Connolly,False,AACTA Award for Best Film,2021,film,The Dry (2021),eba2a2f3-670e-4f48-9a11-8dc9694a8bd1,13615d6d-f588-46bb-a19c-5b61a50bd97e
The Dry,Eric Bana,False,AACTA Award for Best Film,2021,film,The Dry (2021),eba2a2f3-670e-4f48-9a11-8dc9694a8bd1,786f3661-2a28-4fed-bc34-fc90034679a1
The Furnace,Timothy White,False,AACTA Award for Best Film,2021,film,The Furnace (2021),37c9f04b-f2db-4c92-9cb2-bfd73a097384,4af5b64f-5faf-44c6-99bc-8476ec0e14ea
The Furnace,Tenille Kennedy,False,AACTA Award for Best Film,2021,film,The Furnace (2021),37c9f04b-f2db-4c92-9cb2-bfd73a097384,378a3d48-26dc-4e5b-96b5-ef78941433fb
High Ground,David Jowsey,False,AACTA Award for Best Film,2021,film,High Ground (2021),44bdeda5-27e7-4d16-8beb-0cd841b8b31a,b5f4499b-f9e7-4352-9c90-7bc9d0ef684b
High Ground,Maggie Miles,False,AACTA Award for Best Film,2021,film,High Ground (2021),44bdeda5-27e7-4d16-8beb-0cd841b8b31a,6a517eef-c10f-4e58-a339-e306406d93cb
High Ground,Witiyana Marika,False,AACTA Award for Best Film,2021,film,High Ground (2021),44bdeda5-27e7-4d16-8beb-0cd841b8b31a,9746e249-8943-4b29-863e-405e7ac2b189
High Ground,Greer Simpkin,False,AACTA Award for Best Film,2021,film,High Ground (2021),44bdeda5-27e7-4d16-8beb-0cd841b8b31a,5da28a6f-48f9-4fd1-ae73-ed2a9f50fd23
High Ground,Stephen Maxwell Johnson,False,AACTA Award for Best Film,2021,film,High Ground (2021),44bdeda5-27e7-4d16-8beb-0cd841b8b31a,c026516b-63fc-46a7-a055-ead1cba746ff
Nitram,Nick Batzias,True,AACTA Award for Best Film,2021,film,Nitram (2021),7b00eaca-49b7-4bf7-b4f7-b9ab189659c3,5df55af0-f293-4b26-92e9-104b46e09b24
Nitram,Virginia Whitwell,True,AACTA Award for Best Film,2021,film,Nitram (2021),7b00eaca-49b7-4bf7-b4f7-b9ab189659c3,1e136582-0c1a-4394-b0b9-fa68a414244e
Nitram,Justin Kurzel,True,AACTA Award for Best Film,2021,film,Nitram (2021),7b00eaca-49b7-4bf7-b4f7-b9ab189659c3,1738417e-8ed8-4035-b5f5-73f2a91195da
Nitram,Shaun Grant,True,AACTA Award for Best Film,2021,film,Nitram (2021),7b00eaca-49b7-4bf7-b4f7-b9ab189659c3,d289c5b7-e576-4cfd-aa07-4812b60e934b
Penguin Bloom,Bruna Papandrea,False,AACTA Award for Best Film,2021,film,Penguin Bloom (2021),84a60f35-1d07-4a2c-b158-088ebb24c65c,44fae8c8-d758-4c4d-95d5-a690c130a42a
Penguin Bloom,Steve Hutensky,False,AACTA Award for Best Film,2021,film,Penguin Bloom (2021),84a60f35-1d07-4a2c-b158-088ebb24c65c,2162ce6c-893d-401f-8b99-91fb40f83a12
Penguin Bloom,Emma J Cooper,False,AACTA Award for Best Film,2021,film,Penguin Bloom (2021),84a60f35-1d07-4a2c-b158-088ebb24c65c,c2936d53-f755-4168-843a-67046954cda9
Penguin Bloom,Naomi Watts,False,AACTA Award for Best Film,2021,film,Penguin Bloom (2021),84a60f35-1d07-4a2c-b158-088ebb24c65c,3f9d78f7-022e-41d2-ae97-029bbdced925
Penguin Bloom,Jodi Matterson,False,AACTA Award for Best Film,2021,film,Penguin Bloom (2021),84a60f35-1d07-4a2c-b158-088ebb24c65c,3004d97b-cb14-44f9-9b5d-be31bad51c95
Rams,Janelle Landers,False,AACTA Award for Best Film,2021,film,Rams (2021),3eb93330-7096-43f1-966b-0530b0187c50,6d9e0d7c-ceb7-44e6-9203-dcb49fa29e99
Rams,Aidan O'Bryan,False,AACTA Award for Best Film,2021,film,Rams (2021),3eb93330-7096-43f1-966b-0530b0187c50,3d76c7a3-a0d1-4117-9f88-b611600a0b83
