label,pike-cooper identifier,year,title,director,duration,work_uuid,agent_uuid
Soldiers of the Cross (1900),1,1900,Soldiers of the Cross,Joseph Perry,,955934c9-9503-4aa2-b524-7b4df447e5a1,ceae835d-15ca-4a70-a1d4-fe769f9d1bf3
Soldiers of the Cross (1900),1,1900,Soldiers of the Cross,Herbert Booth,,955934c9-9503-4aa2-b524-7b4df447e5a1,a6fa3bc4-2c50-47e3-baea-fdda7bc46c4d
The Story of the Kelly Gang (1906),2,1906,The Story of the Kelly Gang,Charles Tait,,f9d34690-c53f-468f-84d9-88fa76dffd85,2ae06474-c853-44d0-910d-ae199448204f
Eureka Stockade (1907),3,1907,Eureka Stockade,George Cornwell,,72ae737d-379a-4e27-a245-8b4cba777f79,722cf48b-ad2c-4f08-a3c6-1e5c1ec72aec
Eureka Stockade (1907),3,1907,Eureka Stockade,Arthur Cornwell,,72ae737d-379a-4e27-a245-8b4cba777f79,ae7ae133-443c-4c71-96c2-0807a5740522
Robbery Under Arms (1907),4,1907,Robbery Under Arms,Charles MacMahon,,b0a2d952-0cfa-4c52-b5f6-3b196e5515ee,3c6d1a33-d289-42e3-88de-320f8a1413d5
For the Term of His Natural Life (1908),5,1908,For the Term of His Natural Life,Charles MacMahon,,2e50dd8c-4af5-4476-a693-5abea6d613fb,3c6d1a33-d289-42e3-88de-320f8a1413d5
"The Life and Adventures of John Vane, the Notorious Australian Bushranger (1910)",6,1910,"The Life and Adventures of John Vane, the Notorious Australian Bushranger",S. A. Fitzgerald,,86407d32-cabb-46e6-9ba4-a0db8f264748,346b836e-e73b-40fc-abb0-07969a5cf12b
The Squatter's Daughter (1910),7,1910,The Squatter's Daughter,Bert Bailey,,6c8b62cd-a51c-447c-a05f-9e9c29018092,9dfaf95b-ed10-4031-875e-f6aa1bb6ff5a
Thunderbolt (1910),8,1910,Thunderbolt,John Gavin,,d186e03d-c468-486d-bc9c-bf0f4ad12afe,34959d3a-45d2-494c-bd95-021251edd35e
Moonlite (1910),9,1910,Moonlite,John Gavin,,774aa952-822f-4ef6-9f55-dd5ee266777a,34959d3a-45d2-494c-bd95-021251edd35e
It is Never Too Late to Mend (1911),10,1911,It is Never Too Late to Mend,W. J. Lincoln,,c395f9bf-e582-4d5e-9c1b-041d502e020e,52108689-05df-4be3-a9c3-80764dd27a84
Ben Hall and his Gang (1911),11,1911,Ben Hall and his Gang,John Gavin,,95acfd66-a23c-4a93-967a-ab92aed8df9a,34959d3a-45d2-494c-bd95-021251edd35e
"Captain Midnight, the Bush King (1911)",12,1911,"Captain Midnight, the Bush King",Alfred Rolfe,,cc6755e1-f29c-4791-b7ac-328c3785c44e,91138e22-4921-487d-953f-7bed47141606
"Frank Gardiner, the King of the Road (1911)",13,1911,"Frank Gardiner, the King of the Road",John Gavin,,e94539e7-038e-4967-9e83-65902b77881c,34959d3a-45d2-494c-bd95-021251edd35e
The Mystery of a Hansom Cab (1911),14,1911,The Mystery of a Hansom Cab,W. J. Lincoln,,6735e7a1-80b9-4422-a0f2-174b4493390f,52108689-05df-4be3-a9c3-80764dd27a84
Captain Starlight (1911),15,1911,Captain Starlight,Alfred Rolfe,,14207dab-0114-450b-9a34-3237f38f3b96,91138e22-4921-487d-953f-7bed47141606
A Tale of the Australian Bush (1911),16,1911,A Tale of the Australian Bush,Gaston Mervale,,91dc13df-0ad0-4da4-b5a7-908f1be4effd,e109d302-36fc-46c5-8803-1c643f65368a
The Luck of Roaring Camp (1911),17,1911,The Luck of Roaring Camp,W. J. Lincoln,,2fc357b5-e283-4b60-a399-4f16ace77838,52108689-05df-4be3-a9c3-80764dd27a84
The Golden West (1911),18,1911,The Golden West,George Young,,25c63145-1061-49e4-b45e-5e28a9566f6e,8e104425-e35e-4fe2-b3fd-a6e2a080a1f3
A Bushranger's Ransom (1911),19,1911,A Bushranger's Ransom,E. J. Cole,,4c1c592d-534b-4479-b8f4-91f2db3d968b,6f5206c9-6357-40f9-a2a8-dc6273160bf8
The Assigned Servant (1911),20,1911,The Assigned Servant,John Gavin,,50113bb2-5091-4df7-b928-f3837e5caf36,34959d3a-45d2-494c-bd95-021251edd35e
Three Strings to her Bow (1911),21,1911,Three Strings to her Bow,George Young,,d4e89091-1db3-4684-84cd-ed7d139ece90,8e104425-e35e-4fe2-b3fd-a6e2a080a1f3
Called Back (1911),22,1911,Called Back,W. J. Lincoln,,f315d39e-5abb-429a-9e98-abe052215ab5,52108689-05df-4be3-a9c3-80764dd27a84
The Squatter's Son (1911),23,1911,The Squatter's Son,E. J. Cole,,278ca5a9-a28e-4538-b402-6e606793b35e,6f5206c9-6357-40f9-a2a8-dc6273160bf8
The Fatal Wedding (1911),24,1911,The Fatal Wedding,Raymond Longford,,668a3dfa-8c7a-4009-ae50-5596669f8910,a1fb94cd-cc66-486e-99f6-e36629ae8ef7
Keane of Kalgoorlie (1911),25,1911,Keane of Kalgoorlie,John Gavin,,31f647de-9ed1-4481-aec9-496f953fd528,34959d3a-45d2-494c-bd95-021251edd35e
One Hundred Years Ago (1911),26,1911,One Hundred Years Ago,Gaston Mervale,,2622b3e5-79fa-4d36-830a-ff6a4b6b96f3,e109d302-36fc-46c5-8803-1c643f65368a
The Five of Hearts (1911),27,1911,The Five of Hearts,E. J. Cole,,f2feb06a-2acb-4884-84f7-88f04d05ee2c,6f5206c9-6357-40f9-a2a8-dc6273160bf8
The Lost Chord (1911),28,1911,The Lost Chord,W. J. Lincoln,,dc98b149-b606-422a-b650-0dae672fcdd8,52108689-05df-4be3-a9c3-80764dd27a84
Dan Morgan (1911),29,1911,Dan Morgan,,,f3f82f1d-4d1b-4d40-8950-561e09d915e4,b1de1ac0-7acb-4321-b5a1-2ec5b7187997
Sentenced for Life (1911),30,1911,Sentenced for Life,E. J. Cole,,71a04e3f-7ee8-4233-9a3c-6bcc6bb2b69c,6f5206c9-6357-40f9-a2a8-dc6273160bf8
The Life of Rufus Dawes (1911),31,1911,The Life of Rufus Dawes,Alfred Rolfe,,70662f2e-869d-4c16-a57b-6f7ecf1c0653,91138e22-4921-487d-953f-7bed47141606
A Ticket in Tatts (1911),32,1911,A Ticket in Tatts,Gaston Mervale,,60f73c55-c69d-44ec-ab02-17e0ae8b6771,e109d302-36fc-46c5-8803-1c643f65368a
Attack on the Gold Escort (1911),33,1911,Attack on the Gold Escort,,,eb2420f2-7bbb-4fb2-9267-802c0bad6bde,b1de1ac0-7acb-4321-b5a1-2ec5b7187997
The Miner's Daughter (1911),34,1911,The Miner's Daughter,,,c70ca7ca-16c8-4a6b-b7fc-fcd016d9c2e5,b1de1ac0-7acb-4321-b5a1-2ec5b7187997
In the Days of 49 (1911),35,1911,In the Days of 49,,,697ef1fa-d335-4bd1-acb2-5a623b8b0638,b1de1ac0-7acb-4321-b5a1-2ec5b7187997
Moora Neya (1911),36,1911,Moora Neya,Alfred Rolfe,,2e3fee3e-de90-4d38-b942-ed7a3c6064c6,91138e22-4921-487d-953f-7bed47141606
The Mark of the Lash (1911),37,1911,The Mark of the Lash,John Gavin,,ea806096-ff9a-41aa-a7b9-bc5661b68ef0,34959d3a-45d2-494c-bd95-021251edd35e
The Drover's Sweetheart (1911),38,1911,The Drover's Sweetheart,John Gavin,,25624ebd-2371-447c-83d0-6ee72fae8dc7,34959d3a-45d2-494c-bd95-021251edd35e
The Romantic Story of Margaret Catchpole (1911),39,1911,The Romantic Story of Margaret Catchpole,Raymond Longford,,7a4c7763-6ecf-45ef-8f65-2b25099385e6,a1fb94cd-cc66-486e-99f6-e36629ae8ef7
Only a Factory Girl (1911),40,1911,Only a Factory Girl,,,916d373b-ff3b-42d5-bf81-3966cdfc3093,b1de1ac0-7acb-4321-b5a1-2ec5b7187997
The Squatter and the Clown (1911),41,1911,The Squatter and the Clown,,,6602a6eb-a46f-4da7-b2f3-ae6d8de937e8,b1de1ac0-7acb-4321-b5a1-2ec5b7187997
The Sundowner (1911),42,1911,The Sundowner,E. J. Cole,,7aed59d2-92ea-4272-8a34-e5be151639e2,6f5206c9-6357-40f9-a2a8-dc6273160bf8
The Lady Outlaw (1911),43,1911,The Lady Outlaw,Alfred Rolfe,,e8ebd294-e57c-4167-8c5a-fb3901d8c4c5,91138e22-4921-487d-953f-7bed47141606
In the Nick of Time (1911),44,1911,In the Nick of Time,Alfred Rolfe,,a92115fc-06ae-4776-b724-8ac63a5d9200,91138e22-4921-487d-953f-7bed47141606
Mates of the Murrumbidgee (1911),45,1911,Mates of the Murrumbidgee,Alfred Rolfe,,89dc3fe1-9ae3-47f5-b0ef-40559cec2db7,91138e22-4921-487d-953f-7bed47141606
The Colleen Bawn (1911),46,1911,The Colleen Bawn,Gaston Mervale,,f2a914af-97c5-47c2-9ded-030d449957bc,e109d302-36fc-46c5-8803-1c643f65368a
Way Outback (1911),47,1911,Way Outback,Alfred Rolfe,,88b6b69e-a47a-4dcb-9a41-0d1f8b426f11,91138e22-4921-487d-953f-7bed47141606
What Women Suffer (1911),48,1911,What Women Suffer,Alfred Rolfe,,37cdc4d9-5ef5-4547-95b4-32b6b7c0fc26,91138e22-4921-487d-953f-7bed47141606
The Bells (1911),49,1911,The Bells,W. J. Lincoln,,0fd4b6c8-d0fc-4bac-9271-f32e95e33d03,52108689-05df-4be3-a9c3-80764dd27a84
All for Gold (1911),50,1911,All for Gold,Franklyn Barrett,,f9235fc6-fdcc-43cc-84cc-19823b9310f0,3e01faf8-397c-4745-a5b8-62b9b5585ac9
Assigned to his Wife (1911),51,1911,Assigned to his Wife,John Gavin,,0374bac7-67c4-4e57-99b2-ec9473844234,34959d3a-45d2-494c-bd95-021251edd35e
The Double Event (1911),52,1911,The Double Event,W. J. Lincoln,,99f02ae7-411b-4d76-b6ef-ebebb6be0e5d,52108689-05df-4be3-a9c3-80764dd27a84
The Girl from Outback (1911),53,1911,The Girl from Outback,,,ee372af3-02b9-4a72-850f-dfe2c2c89245,b1de1ac0-7acb-4321-b5a1-2ec5b7187997
The Cup Winner (1911),54,1911,The Cup Winner,Alfred Rolfe,,0c97d16a-0573-4a3b-88a6-1cf2c0846a72,91138e22-4921-487d-953f-7bed47141606
Caloola (1911),55,1911,Caloola,Alfred Rolfe,,81304dde-3b30-44f4-8c5f-4b378313709f,91138e22-4921-487d-953f-7bed47141606
Driving a Girl to Destruction (1911),56,1911,Driving a Girl to Destruction,George Marlow,,3de0e956-8b5f-4166-a92c-1955b6a7aa0e,c6e6a89b-a468-4c9f-b28f-5093a414e654
The Christian (1911),57,1911,The Christian,Franklyn Barrett,,8d4a4917-51fb-4695-a3a4-d0050edd6cd9,3e01faf8-397c-4745-a5b8-62b9b5585ac9
Sweet Nell of Old Drury (1911),58,1911,Sweet Nell of Old Drury,Raymond Longford,,7c4ba12a-d019-4b00-9eda-a4918265be2c,a1fb94cd-cc66-486e-99f6-e36629ae8ef7
Gambler's Gold (1911),59,1911,Gambler's Gold,George Young,,25c45cd5-76de-4a01-8461-f4e0bb2b9276,8e104425-e35e-4fe2-b3fd-a6e2a080a1f3
The Miner's Curse (1911),60,1911,The Miner's Curse,Alfred Rolfe,,a3d55b48-8c65-4d3d-80c1-4635ee954f8d,91138e22-4921-487d-953f-7bed47141606
King of the Coiners (1912),61,1912,King of the Coiners,Alfred Rolfe,,d5bbea49-6fd6-427b-966f-004e4ff1aa48,91138e22-4921-487d-953f-7bed47141606
Do Men Love Women? (1912),62,1912,Do Men Love Women?,Alfred Rolfe,,5023afa5-22e4-4d8e-96bf-635743b3b5a6,91138e22-4921-487d-953f-7bed47141606
The Sin of a Woman (1912),63,1912,The Sin of a Woman,Alfred Rolfe,,6041af31-e157-4cd4-9e51-ff0c9ff59df6,91138e22-4921-487d-953f-7bed47141606
Angel of his Dreams (1912),64,1912,Angel of his Dreams,George Marlow,,ee99a623-ef17-4ffa-814d-b7446649fcc4,c6e6a89b-a468-4c9f-b28f-5093a414e654
The Strangler's Grip (1912),65,1912,The Strangler's Grip,,,9dba90cf-2f77-413d-94af-584562e07051,b1de1ac0-7acb-4321-b5a1-2ec5b7187997
Hands across the Sea (1912),66,1912,Hands across the Sea,Gaston Mervale,,4b46b697-d35d-4c9d-a790-31d14142356e,e109d302-36fc-46c5-8803-1c643f65368a
A Daughter of Australia (1912),67,1912,A Daughter of Australia,Gaston Mervale,,391a052d-1840-49c7-80ec-ee3ac6494469,e109d302-36fc-46c5-8803-1c643f65368a
The Crime and the Criminal (1912),68,1912,The Crime and the Criminal,Alfred Rolfe,,5a4e2a9e-8c61-48aa-8380-b7def7a29892,91138e22-4921-487d-953f-7bed47141606
The Octoroon (1912),69,1912,The Octoroon,George Young,,a0c55b3f-4e22-4192-8247-1fa96b2305db,8e104425-e35e-4fe2-b3fd-a6e2a080a1f3
Cooee and the Echo (1912),70,1912,Cooee and the Echo,Alfred Rolfe,,568ea95d-219a-4c57-beab-55f1e7e18428,91138e22-4921-487d-953f-7bed47141606
Breaking the News (1912),71,1912,Breaking the News,W. J. Lincoln,,f315b3ad-60e5-46cd-b9a8-2658b892a51e,52108689-05df-4be3-a9c3-80764dd27a84
The Mystery of the Black Pearl (1912),72,1912,The Mystery of the Black Pearl,,,522f03fd-93bf-49bc-ad14-f33e2dfbaa97,b1de1ac0-7acb-4321-b5a1-2ec5b7187997
"Conn, the Shaughraun (1912)",73,1912,"Conn, the Shaughraun",Gaston Mervale,,dfed55a0-396d-4235-aefc-7b2d4fc2c415,e109d302-36fc-46c5-8803-1c643f65368a
Strike (1912),74,1912,Strike,George Young,,0482e0f5-7064-47cb-945b-91b38f14852d,8e104425-e35e-4fe2-b3fd-a6e2a080a1f3
The Love Tyrant (1912),75,1912,The Love Tyrant,Alfred Rolfe,,fbf2b165-19da-42db-9a23-916fd1fe2561,91138e22-4921-487d-953f-7bed47141606
Rip Van Winkle (1912),76,1912,Rip Van Winkle,W. J. Lincoln,,46d2e65a-f104-4afd-9e52-55ad36c63ae4,52108689-05df-4be3-a9c3-80764dd27a84
The Eleventh Hour (1912),77,1912,The Eleventh Hour,,,13c3bdc1-6160-4d7c-b7f3-4af9eb0047de,b1de1ac0-7acb-4321-b5a1-2ec5b7187997
The Tide of Death (1912),78,1912,The Tide of Death,Raymond Longford,,f9789aa2-02b5-4ee8-89fc-861a54508cdd,a1fb94cd-cc66-486e-99f6-e36629ae8ef7
The Cheat (1912),79,1912,The Cheat,Alfred Rolfe,,f5514e66-1506-468d-9a9e-6c253f43783e,91138e22-4921-487d-953f-7bed47141606
Percy Gets a Job (1912),80,1912,Percy Gets a Job,,,74fc544a-ad30-4bc3-b59c-ffda98b56f30,b1de1ac0-7acb-4321-b5a1-2ec5b7187997
The Bushman's Bride (1912),81,1912,The Bushman's Bride,,,40b86f2b-20dd-4dae-9d0a-5b29015f7d3b,b1de1ac0-7acb-4321-b5a1-2ec5b7187997
A Silent Witness (1912),82,1912,A Silent Witness,Franklyn Barrett,,9c028d99-b9d0-4242-aad2-fe7d4b758126,3e01faf8-397c-4745-a5b8-62b9b5585ac9
Won on the Post (1912),83,1912,Won on the Post,Alfred Rolfe,,b6eb8dac-0c77-4291-a115-fd4f094fa5d0,91138e22-4921-487d-953f-7bed47141606
The Wreck of the Dunbar (1912),84,1912,The Wreck of the Dunbar,Gaston Mervale,,6e3b3c98-280a-476c-8cf4-099afff58656,e109d302-36fc-46c5-8803-1c643f65368a
Whose Was the Hand? (1912),85,1912,Whose Was the Hand?,Alfred Rolfe,,b15150a2-8ec2-425a-a9e7-f944f49e2de1,91138e22-4921-487d-953f-7bed47141606
Moira (1912),86,1912,Moira,Alfred Rolfe,,9efef583-a6ee-4678-96e3-377a505df3ed,91138e22-4921-487d-953f-7bed47141606
The Ticket of Leave Man (1912),87,1912,The Ticket of Leave Man,Gaston Mervale,,0adfdd6c-cf3d-4ac5-8ae4-6376e685aca5,e109d302-36fc-46c5-8803-1c643f65368a
The Midnight Wedding (1912),88,1912,The Midnight Wedding,Raymond Longford,,a66564ac-29c3-4c73-becb-a947a5482238,a1fb94cd-cc66-486e-99f6-e36629ae8ef7
Call of the Bush (1912),89,1912,Call of the Bush,,,85d82aa4-da6b-4623-9b34-fe9f7b8e7896,b1de1ac0-7acb-4321-b5a1-2ec5b7187997
The Life Story of John Lee (1912),90,1912,The Life Story of John Lee,Robert Scott,,225eecee-e503-4bff-a0d3-2efd2ffb15b9,8239aa03-2d6a-4a80-b9d5-fb891de8dc0c
The Opium Runners (1913),91,1913,The Opium Runners,,,8c0a5444-119f-4273-a66f-c9a1e6246ee2,b1de1ac0-7acb-4321-b5a1-2ec5b7187997
A Melbourne Mystery (1913),92,1913,A Melbourne Mystery,,,9d165eb3-e53c-4919-9061-2fd4b2839bcf,b1de1ac0-7acb-4321-b5a1-2ec5b7187997
Australia Calls (1913),93,1913,Australia Calls,Raymond Longford,,f4aead57-095b-4d1a-83b0-1dec253efc17,a1fb94cd-cc66-486e-99f6-e36629ae8ef7
A Blue Gum Romance (1913),94,1913,A Blue Gum Romance,Franklyn Barrett,,314b44b9-d28b-49cb-9147-64152a74a91b,3e01faf8-397c-4745-a5b8-62b9b5585ac9
The Life of a Jackeroo (1913),95,1913,The Life of a Jackeroo,Franklyn Barrett,,5a1f56d5-f453-4120-902e-472f604ab1b9,3e01faf8-397c-4745-a5b8-62b9b5585ac9
The Bondage of the Bush (1913),96,1913,The Bondage of the Bush,Charles Woods,,bcac5612-8b84-43b6-bd84-9a8cf5cf66ea,2e770369-06de-42e9-ad98-6822a018b2e7
Pommy Arrives in Australia (1913),97,1913,Pommy Arrives in Australia,Raymond Longford,,79a69a77-ae15-4108-b89b-892c2fdec6a8,a1fb94cd-cc66-486e-99f6-e36629ae8ef7
The Sick Stockrider (1913),98,1913,The Sick Stockrider,W. J. Lincoln,,06c33a98-a23c-4983-b876-215836eb4d0c,52108689-05df-4be3-a9c3-80764dd27a84
Moondyne (1913),99,1913,Moondyne,W. J. Lincoln,,f25d8426-1b6a-4eeb-8bd9-d1ff5876eb52,52108689-05df-4be3-a9c3-80764dd27a84
The Remittance Man (1913),100,1913,The Remittance Man,W. J. Lincoln,,cc0d3c00-ec04-419c-98cc-86efc19578f8,52108689-05df-4be3-a9c3-80764dd27a84
Transported (1913),101,1913,Transported,W. J. Lincoln,,59ba41f9-6f2c-4955-9fe2-d8068603da91,52108689-05df-4be3-a9c3-80764dd27a84
The Road to Ruin (1913),102,1913,The Road to Ruin,W. J. Lincoln,,5ace5b0c-1610-4a76-aba6-e7a48680795a,52108689-05df-4be3-a9c3-80764dd27a84
The Reprieve (1913),103,1913,The Reprieve,W. J. Lincoln,,1cce831b-88b4-452c-b03f-b2771d6c33a6,52108689-05df-4be3-a9c3-80764dd27a84
The Crisis (1913),104,1913,The Crisis,W. J. Lincoln,,b13a3c47-c260-4de3-a7fb-7205856e47ef,52108689-05df-4be3-a9c3-80764dd27a84
The Wreck (1913),105,1913,The Wreck,W. J. Lincoln,,b7f6806c-bde3-4191-b609-897bc2ffc9be,52108689-05df-4be3-a9c3-80764dd27a84
Sea Dogs of Australia (1913),106,1913,Sea Dogs of Australia,Martyn Keith,,05b50f84-e12f-4f1e-b8e9-8bc6ea0c54c6,de8ccfac-9982-4486-8b0f-1e1ffdbd40c1
'Neath Austral Skies (1913),107,1913,'Neath Austral Skies,Raymond Longford,,a5c16e07-2430-45d1-b17a-783f1fa877b5,a1fb94cd-cc66-486e-99f6-e36629ae8ef7
The Shepherd of the Southern Cross (1914),108,1914,The Shepherd of the Southern Cross,Alexander Butler,,e8cd4d4c-e9dd-4666-8904-7ac981cdadbe,5478c87c-4a77-4a20-b281-18b1fc21bca9
The Silence of Dean Maitland (1914),109,1914,The Silence of Dean Maitland,Raymond Longford,,a111da30-5a91-4fb7-a4ef-a9ad752843b0,a1fb94cd-cc66-486e-99f6-e36629ae8ef7
"A Long, Long Way to Tipperary (1914)",110,1914,"A Long, Long Way to Tipperary",George Dean,,7bdc0f62-cfd3-497d-94bb-4a38650f0c70,02045c46-2cb9-45ae-ab7e-4ca5398b6696
The Day (1914),111,1914,The Day,Alfred Rolfe,,3c2b2c47-a176-44c3-922d-b6e522f37ed8,91138e22-4921-487d-953f-7bed47141606
The Sunny South (1915),112,1915,The Sunny South,Alfred Rolfe,,a8a31402-58d5-43ca-afe8-affa0b5baf8e,91138e22-4921-487d-953f-7bed47141606
My Partner (1915),113,1915,My Partner,,,ef5e120f-1921-4327-86c6-ca11efd4682b,b1de1ac0-7acb-4321-b5a1-2ec5b7187997
The Rebel (1915),114,1915,The Rebel,J. E. Mathews,,3c5769c8-de13-470d-9d84-d24775b19216,7a4669f1-e368-4fea-a5c6-9f58caa021c7
The Hero of the Dardanelles (1915),115,1915,The Hero of the Dardanelles,Alfred Rolfe,,2183eb27-c6c1-48c6-81f9-9836abf2938c,91138e22-4921-487d-953f-7bed47141606
Within Our Gates (1915),116,1915,Within Our Gates,Frank Harvey,,d6eed3d7-3530-41a1-9b25-960a18661255,7b5f93ec-c0d9-467f-979d-7f7adfddf8b9
The Loyal Rebel (1915),117,1915,The Loyal Rebel,Alfred Rolfe,,45913fde-6c24-46d6-a96b-5af8cf6ea636,91138e22-4921-487d-953f-7bed47141606
For Australia (1915),118,1915,For Australia,Monte Luke,,dab90bc7-b788-4df9-8267-7662843b63a6,0577d7a1-e3c3-4b1b-b1f3-b685418c6f82
How We Beat the Emden (1915),119,1915,How We Beat the Emden,Alfred Rolfe,,8668c84e-53c5-45b2-84e0-dcc124fa8e72,91138e22-4921-487d-953f-7bed47141606
A Maori Maid's Love (1916),120,1916,A Maori Maid's Love,Raymond Longford,,01c883bf-85b6-438c-8fcf-f7d86585b760,a1fb94cd-cc66-486e-99f6-e36629ae8ef7
Within the Law (1916),121,1916,Within the Law,Monte Luke,,5924646b-6ec8-42d5-9cf5-8f67aeafe436,0577d7a1-e3c3-4b1b-b1f3-b685418c6f82
Get-Rich-Quick Wallingford (1916),122,1916,Get-Rich-Quick Wallingford,Fred Niblo,,31d5d84a-4a90-417a-bd9e-fcc748e6f0ac,063104bf-522d-4903-9732-722ca5da6f3b
The Martyrdom of Nurse Cavell (1916),123,1916,The Martyrdom of Nurse Cavell,John Gavin,,0d1ff8d7-0f0b-4ec1-81ac-87e965ab9e42,34959d3a-45d2-494c-bd95-021251edd35e
The Martyrdom of Nurse Cavell (1916),123,1916,The Martyrdom of Nurse Cavell,C. Post Mason,,0d1ff8d7-0f0b-4ec1-81ac-87e965ab9e42,8692df90-6398-4d1d-896b-8428ce194b69
Nurse Cavell (1916),124,1916,Nurse Cavell,W. J. Lincoln,,7a801828-f69a-46fe-a62e-518425b37db9,52108689-05df-4be3-a9c3-80764dd27a84
Officer 666 (1916),125,1916,Officer 666,Fred Niblo,,db8cacbc-4a6b-4ee5-ae66-b2dc521ea342,063104bf-522d-4903-9732-722ca5da6f3b
La Revanche (1916),126,1916,La Revanche,W. J. Lincoln,,12e5c663-1d90-444b-9640-0a78b3e26860,52108689-05df-4be3-a9c3-80764dd27a84
Murphy of Anzac (1916),127,1916,Murphy of Anzac,J. E. Mathews,,1c27fbe2-20dc-432e-8ad7-fae285e7ab8b,7a4669f1-e368-4fea-a5c6-9f58caa021c7
The Joan of Arc of Loos (1916),128,1916,The Joan of Arc of Loos,George Willoughby,,5637e59a-facd-4ec4-83c1-8e659d600eae,7cf606f9-34cc-435f-889c-c48aea862d41
In the Last Stride (1916),129,1916,In the Last Stride,Martyn Keith,,63906fdc-c535-437f-a30e-af11293dd7b7,de8ccfac-9982-4486-8b0f-1e1ffdbd40c1
Seven Keys to Baldpate (1916),130,1916,Seven Keys to Baldpate,Monte Luke,,30169c86-f0ad-4055-9da4-98861cdadc37,0577d7a1-e3c3-4b1b-b1f3-b685418c6f82
If the Huns Came to Melbourne (1916),131,1916,If the Huns Came to Melbourne,George Coates,,3581424e-756b-4c86-a57e-f7735f5c5d57,7441d941-a6cb-4463-a81f-9745d056c1b1
The Woman in the Case (1916),132,1916,The Woman in the Case,George Willoughby,,31dd57db-9d5d-4a11-9150-28b04a57c036,7cf606f9-34cc-435f-889c-c48aea862d41
The Mutiny of the Bounty (1916),133,1916,The Mutiny of the Bounty,Raymond Longford,,238cf6dc-8e4c-468c-a0fc-7421915054f7,a1fb94cd-cc66-486e-99f6-e36629ae8ef7
The Life's Romance of Adam Lindsay Gordon (1916),134,1916,The Life's Romance of Adam Lindsay Gordon,W. J. Lincoln,,82bd1769-75c9-4a0c-b75b-dd5de7a6b3d6,52108689-05df-4be3-a9c3-80764dd27a84
The Pioneers (1916),135,1916,The Pioneers,Franklyn Barrett,,0c2eb1c9-311b-45ba-901f-66760bff5150,3e01faf8-397c-4745-a5b8-62b9b5585ac9
"Remorse, a Story of the Red Plague (1917)",136,1917,"Remorse, a Story of the Red Plague",J. E. Mathews,,62b6fc1d-75fd-4cba-92e4-8401ad195575,7a4669f1-e368-4fea-a5c6-9f58caa021c7
The Murder of Captain Fryatt (1917),137,1917,The Murder of Captain Fryatt,John Gavin,,c67c9473-7bb2-4942-89b3-bae11a383473,34959d3a-45d2-494c-bd95-021251edd35e
"Our Friends, the Hayseeds (1917)",138,1917,"Our Friends, the Hayseeds",Beaumont Smith,,a91d02b3-ae6d-4e62-9852-7257b7eaf52b,d417a378-09ed-48e1-98b4-b1a03ff9c126
Australia's Peril (1917),139,1917,Australia's Peril,Franklyn Barrett,,a324f2bf-cb6c-4d4b-9988-31e9b26cebd6,3e01faf8-397c-4745-a5b8-62b9b5585ac9
The Hayseeds Come to Sydney (1917),140,1917,The Hayseeds Come to Sydney,Beaumont Smith,,7ae73310-ba71-4399-a0f9-aec2cf374907,d417a378-09ed-48e1-98b4-b1a03ff9c126
The Monk and the Woman (1917),141,1917,The Monk and the Woman,Franklyn Barrett,,739eccd3-5c3a-4e7e-b2c8-5c3fec960d2b,3e01faf8-397c-4745-a5b8-62b9b5585ac9
The Church and the Woman (1917),142,1917,The Church and the Woman,Raymond Longford,,71c9ae5c-05b1-4b77-8d22-0517c427db8b,a1fb94cd-cc66-486e-99f6-e36629ae8ef7
The Hayseeds' Back-blocks Show (1917),143,1917,The Hayseeds' Back-blocks Show,Beaumont Smith,,8abec1b5-2098-433b-ae7e-46c796ebc2e8,d417a378-09ed-48e1-98b4-b1a03ff9c126
A Coo-ee from Home (1918),144,1918,A Coo-ee from Home,Charles Woods,,26acd281-912f-40b7-a117-e86f5f7109dc,2e770369-06de-42e9-ad98-6822a018b2e7
The Hayseeds' Melbourne Cup (1918),145,1918,The Hayseeds' Melbourne Cup,Beaumont Smith,,f454ecde-b29a-438d-96f5-4f85e5a7b712,d417a378-09ed-48e1-98b4-b1a03ff9c126
His Convict Bride (1918),146,1918,His Convict Bride,John Gavin,,ad1267c4-c9cd-45ab-835e-2559ae0a3302,34959d3a-45d2-494c-bd95-021251edd35e
The Laugh on Dad (1918),147,1918,The Laugh on Dad,A. C. Tinsdale,,a936c943-a141-4a62-a091-274753523114,149467ea-839c-4bd7-81a6-19b0d3c0bbb8
The Enemy Within (1918),148,1918,The Enemy Within,Roland Stavely,,4f12a87e-ffee-471d-8643-36f74c0779de,321cac9c-777b-48dc-9094-63f99179996c
The Woman Suffers (1918),149,1918,The Woman Suffers,Raymond Longford,,61192566-bba9-418a-9ddf-f3d9e37df84d,a1fb94cd-cc66-486e-99f6-e36629ae8ef7
Yachts and Hearts (1918),150,1918,Yachts and Hearts,Charles Byers Coates,,067f2980-4430-46b4-a5c9-679c9569fd08,71a4fe4a-3a71-40aa-8811-23542e88a763
The Waybacks (1918),151,1918,The Waybacks,Arthur W. Sterry,,f723d46c-f1a1-4801-97ff-62f49a4d83e9,fab8cccc-2a59-49c2-a73c-c2dcc61376aa
His Only Chance (1918),152,1918,His Only Chance,Dick Shortland,,7642796e-d054-4504-88da-7453b69abfab,b3d4fea5-ddd6-404e-9de6-caffa4091132
Cupid Camouflaged (1918),153,1918,Cupid Camouflaged,Alfred Rolfe,,2eb6cf06-8bcf-4c1d-9a1c-44b0e7ddf7b6,91138e22-4921-487d-953f-7bed47141606
Satan in Sydney (1918),154,1918,Satan in Sydney,Beaumont Smith,,400f9386-c657-4c9f-b160-1cea90b48d94,d417a378-09ed-48e1-98b4-b1a03ff9c126
Just Peggy (1918),155,1918,Just Peggy,J. A. Lipman,,9bc1e9a7-4056-4858-943c-6af1db22b6a8,6017f4bd-7c91-4f45-93b8-2b7f4cce8082
Algie's Romance (1918),156,1918,Algie's Romance,Leonard Doogood,,fd8b626a-7440-4bbd-8529-0801c673d0f5,a8bc21fc-b5a5-4e8f-b5f8-ba991dcd7683
A Romance of the Burke and Wills Expedition of 1860 (1918),157,1918,A Romance of the Burke and Wills Expedition of 1860,Charles Byers Coates,,71a5f70d-1806-4bb8-bb3f-1feb988a010a,71a4fe4a-3a71-40aa-8811-23542e88a763
The Lure of the Bush (1918),158,1918,The Lure of the Bush,Claude Flemming,,2753c1a2-ee34-4934-9b01-42289be510b1,4deab96b-637e-4aca-9a65-24f6dd7c37f4
Scars of Love (1918),159,1918,Scars of Love,Walter S. McColl,,6692ee3e-93ce-4f59-b289-4681b0fcac9c,29e4cb36-4970-43a8-921e-b90f08d9e082
What Happened to Jean (1918),160,1918,What Happened to Jean,Herbert Walsh,,b5a4be0e-1813-431e-9d1a-f005023ba497,5d266184-4c90-4c50-a008-8bce48e48ac3
£500 Reward (1918),161,1918,£500 Reward,Claude Flemming,,39d52e3a-53c7-4795-b5d9-e8fe94bbb51d,4deab96b-637e-4aca-9a65-24f6dd7c37f4
Australia's Own (1919),162,1919,Australia's Own,J. E. Ward,,8fd23005-9904-4c3e-b34f-2901fe9347d1,0b4da227-5781-48fa-a72c-455ab9c6631b
Desert Gold (1919),163,1919,Desert Gold,Beaumont Smith,,2a8953cd-6218-42ec-af8e-941e369c7f50,d417a378-09ed-48e1-98b4-b1a03ff9c126
Does the Jazz Lead to Destruction? (1919),164,1919,Does the Jazz Lead to Destruction?,,,57a6d24e-d71c-4d94-8078-0350cccebe05,b1de1ac0-7acb-4321-b5a1-2ec5b7187997
Barry Butts In (1919),165,1919,Barry Butts In,Beaumont Smith,,e2ce29ea-f4e1-47cd-a162-8d29a524a16a,d417a378-09ed-48e1-98b4-b1a03ff9c126
The Sentimental Bloke (1919),166,1919,The Sentimental Bloke,Raymond Longford,,f055e9af-0203-429d-bc27-5dfbc2053105,a1fb94cd-cc66-486e-99f6-e36629ae8ef7
Struck Oil (1919),167,1919,Struck Oil,Franklyn Barrett,,44f9511c-a716-44b9-b609-4acaa5a6a372,3e01faf8-397c-4745-a5b8-62b9b5585ac9
The Face at the Window (1919),168,1919,The Face at the Window,Charles Villiers,,47a27902-0678-40f8-9f6b-28fb86656cd0,b76910be-ffc0-4096-bb89-0b7cef0a6534
The Man From Kangaroo (1920),169,1920,The Man From Kangaroo,Wilfred Lucas,,0f255ccd-9abf-4aaf-9bce-31eab4b8241c,76e0f3a7-2fd7-429f-80e8-fa7ee13f8e25
Ginger Mick (1920),170,1920,Ginger Mick,Raymond Longford,,5d99785c-ca36-4299-a467-ff2465ad0075,a1fb94cd-cc66-486e-99f6-e36629ae8ef7
The Kelly Gang (1920),171,1920,The Kelly Gang,Harry Southwell,,74b693ae-94da-4ecc-99d6-7b5c54071bd9,2107fba1-b8e0-4d93-8629-613c024a94eb
The Shadow of Lightning Ridge (1920),172,1920,The Shadow of Lightning Ridge,Wilfred Lucas,,b29254e5-8246-4bf2-99cd-4b87773a40ea,76e0f3a7-2fd7-429f-80e8-fa7ee13f8e25
The Breaking of the Drought (1920),173,1920,The Breaking of the Drought,Franklyn Barrett,,38f4f86b-900e-4421-a973-4d6011fa935c,3e01faf8-397c-4745-a5b8-62b9b5585ac9
On Our Selection (1920),174,1920,On Our Selection,Raymond Longford,,0ceb0072-ab37-430c-8f26-5dd81eb0125f,a1fb94cd-cc66-486e-99f6-e36629ae8ef7
The Man From Snowy River (1920),175,1920,The Man From Snowy River,Beaumont Smith,,0b407318-edd1-4827-abe9-5461b48dbeed,d417a378-09ed-48e1-98b4-b1a03ff9c126
The Man From Snowy River (1920),175,1920,The Man From Snowy River,John K. Wells,,0b407318-edd1-4827-abe9-5461b48dbeed,4515d2f1-534f-41b8-b5dc-9c741edbcc3a
Robbery Under Arms (1920),176,1920,Robbery Under Arms,Kenneth Brampton,,2ebcd63e-af1d-4e28-9f1f-998962f6ac1c,86029165-f624-462f-98ce-79f932724a2c
The Jackeroo of Coolabong (1920),177,1920,The Jackeroo of Coolabong,Wilfred Lucas,,5d1d55d0-977a-47c5-927c-630613f32ff3,76e0f3a7-2fd7-429f-80e8-fa7ee13f8e25
The Hordern Mystery (1920),178,1920,The Hordern Mystery,Harry Southwell,,598fcd02-def9-497e-9726-38f00d024f25,2107fba1-b8e0-4d93-8629-613c024a94eb
'Possum Paddock (1921),179,1921,'Possum Paddock,Charles Villiers,,2c7ca37c-01b6-4bb8-be92-c82b99bcfaee,b76910be-ffc0-4096-bb89-0b7cef0a6534
'Possum Paddock (1921),179,1921,'Possum Paddock,Kate Howarde,,2c7ca37c-01b6-4bb8-be92-c82b99bcfaee,0ec7ce25-88a4-44e1-8edf-3c336d6df7e1
Silks and Saddles (1921),180,1921,Silks and Saddles,John K. Wells,,1ddc387d-edd5-4f57-839d-8ee74d856d28,4515d2f1-534f-41b8-b5dc-9c741edbcc3a
The Betrayer (1921),181,1921,The Betrayer,Beaumont Smith,,ca0a5de0-9b40-45e4-9161-339eeed3919d,d417a378-09ed-48e1-98b4-b1a03ff9c126
A Girl of the Bush (1921),182,1921,A Girl of the Bush,Franklyn Barrett,,aee519d1-d00d-4ef0-a3b0-635588537f70,3e01faf8-397c-4745-a5b8-62b9b5585ac9
Rudd's New Selection (1921),183,1921,Rudd's New Selection,Raymond Longford,,8ef5b179-d4cc-45af-99ee-edf3b3df1969,a1fb94cd-cc66-486e-99f6-e36629ae8ef7
The Guyra Ghost Mystery (1921),184,1921,The Guyra Ghost Mystery,John Cosgrove,,00927b38-4c7d-4d1b-843a-d60c06bf949f,28f6728c-2295-45f3-8c79-3a5ef1d5a741
Mated in the Wilds (1921),185,1921,Mated in the Wilds,P. J. Ramster,,4b561e7f-4032-417e-88f9-b57c5576137e,2e5496cb-c401-4efc-a5b2-9a1eb4196603
While the Billy Boils (1921),186,1921,While the Billy Boils,Beaumont Smith,,0c5907e4-8e82-477f-929e-d69d2fe7e0cf,d417a378-09ed-48e1-98b4-b1a03ff9c126
Know Thy Child (1921),187,1921,Know Thy Child,Franklyn Barrett,,b5cb3971-d887-49e3-9981-86aea106e6e5,3e01faf8-397c-4745-a5b8-62b9b5585ac9
Retribution (1921),188,1921,Retribution,Armand Lionello,,f4624117-daf2-4f7b-8a7f-59e8a90e3d50,a35f1151-dc2a-4b4c-bc3b-fc69fa30fd86
The Blue Mountains Mystery (1921),189,1921,The Blue Mountains Mystery,Raymond Longford,,8e2f5026-f6f0-4d7f-b5ff-ba8b8bc4de90,a1fb94cd-cc66-486e-99f6-e36629ae8ef7
The Blue Mountains Mystery (1921),189,1921,The Blue Mountains Mystery,Lottie Lyell,,8e2f5026-f6f0-4d7f-b5ff-ba8b8bc4de90,114c4997-9e21-4788-8bee-4f9febb89b49
The Life Story of John Lee (1921),190,1921,The Life Story of John Lee,Arthur W. Sterry,,48f99d31-b5f4-493c-afab-a2832aa8e146,fab8cccc-2a59-49c2-a73c-c2dcc61376aa
The Gentleman Bushranger (1921),191,1921,The Gentleman Bushranger,Beaumont Smith,,b020c3bd-2417-44d2-a1e1-e3a826c149f0,d417a378-09ed-48e1-98b4-b1a03ff9c126
Circumstance (1922),192,1922,Circumstance,Lawson Harris,,fe0ee910-c017-4a7b-a6db-2a112ae1b880,da317cf9-fb50-4611-b833-82f8dd665712
The Triumph of Love (1922),193,1922,The Triumph of Love,P. J. Ramster,,24445b21-4b9d-478d-83c2-3f02e06cfc10,2e5496cb-c401-4efc-a5b2-9a1eb4196603
A Rough Passage (1922),194,1922,A Rough Passage,Franklyn Barrett,,d4b2de04-c621-44d2-ac46-7b5eb504393f,3e01faf8-397c-4745-a5b8-62b9b5585ac9
A Daughter of Australia (1922),195,1922,A Daughter of Australia,Lawson Harris,,f4bdb9b2-295f-4a67-9238-2c86d5b1f170,da317cf9-fb50-4611-b833-82f8dd665712
East Lynne (1922),196,1922,East Lynne,Charles Hardy,,db826fcc-ec9a-4c68-a0fc-76eefa721b26,f6a82d7d-1fc3-47e7-8bbe-94b8565d254e
Sunshine Sally (1922),197,1922,Sunshine Sally,Lawson Harris,,714ba6f5-0403-4464-b21c-bac23863dc69,da317cf9-fb50-4611-b833-82f8dd665712
The Lust for Gold (1922),198,1922,The Lust for Gold,Roy Darling,,b6d42795-8d48-46cb-b756-c26c8c78c108,7181f1b8-2c00-4052-a9aa-c696c527e9e9
The Dinkum Bloke (1923),199,1923,The Dinkum Bloke,Raymond Longford,,1140e5b3-69f1-4dc1-8e5a-ed9f9960812f,a1fb94cd-cc66-486e-99f6-e36629ae8ef7
The Dingo (1923),200,1923,The Dingo,Kenneth Brampton,,1e0ece76-b1ef-41aa-a03d-cd9cb8590d39,86029165-f624-462f-98ce-79f932724a2c
The Twins (1923),201,1923,The Twins,Leslie McCallum,,72dba137-9b66-4c07-8e78-b44d80a0c252,071b8fcb-19ca-4fd1-bd28-ef7e47d936b7
Townies and Hayseeds (1923),202,1923,Townies and Hayseeds,Beaumont Smith,,7aabc5da-f1cb-41d4-b462-98f9fc3a47c0,d417a378-09ed-48e1-98b4-b1a03ff9c126
When the Kellys Were Out (1923),203,1923,When the Kellys Were Out,Harry Southwell,,8b46c5da-95d6-4cc2-b4bc-13fed081bb34,2107fba1-b8e0-4d93-8629-613c024a94eb
Should a Doctor Tell? (1923),204,1923,Should a Doctor Tell?,P. J. Ramster,,72e3ddcd-2192-4ed9-aabb-c9a944c07286,2e5496cb-c401-4efc-a5b2-9a1eb4196603
Australia Calls (1923),205,1923,Australia Calls,Raymond Longford,,bb555dda-a7c2-4e4e-a4b5-42e6e9c5ac77,a1fb94cd-cc66-486e-99f6-e36629ae8ef7
Prehistoric Hayseeds (1923),206,1923,Prehistoric Hayseeds,Beaumont Smith,,a9831dc4-1cb3-402d-ae50-09958aae5af6,d417a378-09ed-48e1-98b4-b1a03ff9c126
The Digger Earl (1924),207,1924,The Digger Earl,Beaumont Smith,,15aa1d3f-c297-4afc-b9c2-b5485c01481e,d417a378-09ed-48e1-98b4-b1a03ff9c126
Dope (1924),208,1924,Dope,Dunstan Webb,,69fd1682-ae1c-41fd-bdde-690997cdb29e,f8cbf10f-0455-478f-9c5d-4b782afe75c9
Joe (1924),209,1924,Joe,Beaumont Smith,,0474b6df-ab3d-42da-8b61-ef3fe5b6cf68,d417a378-09ed-48e1-98b4-b1a03ff9c126
Daughter of the East (1924),210,1924,Daughter of the East,Roy Darling,,b34f5043-98e1-429c-94c2-dc551645db81,7181f1b8-2c00-4052-a9aa-c696c527e9e9
Fisher's Ghost (1924),211,1924,Fisher's Ghost,Raymond Longford,,05018036-1400-4359-97fb-cc60dcc8c4ee,a1fb94cd-cc66-486e-99f6-e36629ae8ef7
The Price (1924),212,1924,The Price,Dunstan Webb,,99b1e8d4-8557-4e0d-a309-c0c20a79380c,f8cbf10f-0455-478f-9c5d-4b782afe75c9
The Rev. Dell's Secret (1924),213,1924,The Rev. Dell's Secret,P. J. Ramster,,5e6ec35a-def5-42d5-a581-b2745f51155d,2e5496cb-c401-4efc-a5b2-9a1eb4196603
How McDougall Topped the Score (1924),214,1924,How McDougall Topped the Score,V. Upton Brown,,84412e14-1129-47a0-b7d9-dd3f96d46da0,0e923c52-aab3-4f3a-ac15-194f9db4cf3b
Hullo Marmaduke (1924),215,1924,Hullo Marmaduke,Beaumont Smith,,938d33dd-e739-460e-bae4-e107c696393f,d417a378-09ed-48e1-98b4-b1a03ff9c126
The Mystery of a Hansom Cab (1925),216,1925,The Mystery of a Hansom Cab,Arthur Shirley,,fb1e90a9-2a16-4d4a-b3a0-8fe9f282e44d,18283d8f-50b6-411f-8c02-e5868984f670
Painted Daughters (1925),217,1925,Painted Daughters,F. Stuart-Whyte,,b9812388-40d8-427b-b2a6-632a9bd48e0b,2910a60c-504c-4202-85b5-cb2a78ae958d
The Adventures of Algy (1925),218,1925,The Adventures of Algy,Beaumont Smith,,c0ee2212-83fb-45bf-805d-3b9aa6af661a,d417a378-09ed-48e1-98b4-b1a03ff9c126
The Bushwhackers (1925),219,1925,The Bushwhackers,Raymond Longford,,a8798cb1-ca7b-4ab4-bc6b-80038ee7d2b5,a1fb94cd-cc66-486e-99f6-e36629ae8ef7
Those Terrible Twins (1925),220,1925,Those Terrible Twins,J. E. Ward,,3d854a21-e74e-4099-a60d-19097517c2f9,0b4da227-5781-48fa-a72c-455ab9c6631b
Around the Boree Log (1925),221,1925,Around the Boree Log,Phil K. Walsh,,82176551-bd47-4033-844d-90818ae246a3,36817837-374b-4b9a-b765-c176df3989ec
Jewelled Nights (1925),222,1925,Jewelled Nights,Louise Lovely,,57105ec3-188d-4591-b434-e04c30c4a574,c7779bfe-cf4c-4e32-98be-9f7bb78c0637
Jewelled Nights (1925),222,1925,Jewelled Nights,Wilton Welch,,57105ec3-188d-4591-b434-e04c30c4a574,ca1cad19-b542-497a-a011-fa9ec5f9d785
The Moth of Moonbi (1926),223,1926,The Moth of Moonbi,Charles Chauvel,,2a624b8d-e308-405a-9ee2-a807bdc7cbb4,fe615a41-d007-40e8-8ea1-5194ca81e5be
The Tenth Straw (1926),224,1926,The Tenth Straw,Robert G. McAnderson,,b3051582-f88a-47b0-bc23-43b9d1c189ea,77f08ee3-840a-4a98-926c-622ebbeb1900
Sydney's Darlings (1926),225,1926,Sydney's Darlings,Thomas Marinato,,71e90723-098c-4f17-a2e3-6aa9ffbfe05e,0cf37a00-9f64-4207-a247-37dc23105baf
Peter Vernon's Silence (1926),226,1926,Peter Vernon's Silence,Raymond Longford,,d42cd254-5bc9-41b4-afdf-f60a4e01497e,a1fb94cd-cc66-486e-99f6-e36629ae8ef7
Should a Girl Propose? (1926),227,1926,Should a Girl Propose?,P. J. Ramster,,a04f4b3f-eb60-4d76-95ac-e8c47235a68e,2e5496cb-c401-4efc-a5b2-9a1eb4196603
The Jungle Woman (1926),228,1926,The Jungle Woman,Frank Hurley,,17cda822-f110-46c6-ab0d-7b895c8bd5e7,07f293c9-87ea-4701-82e5-acc574f21a2e
The Pioneers (1926),229,1926,The Pioneers,Raymond Longford,,f791ce4d-2173-4942-94a5-01e650e790a1,a1fb94cd-cc66-486e-99f6-e36629ae8ef7
The Sealed Room (1926),230,1926,The Sealed Room,Arthur Shirley,,2135c794-d169-4942-ad80-cf74ffc998a2,18283d8f-50b6-411f-8c02-e5868984f670
Tall Timber (1926),231,1926,Tall Timber,Dunstan Webb,,eff93128-9152-41ab-9c33-45b54f490df1,f8cbf10f-0455-478f-9c5d-4b782afe75c9
Sunrise (1926),232,1926,Sunrise,F. Stuart-Whyte,,102e5ca3-ee4a-4a1f-a469-3df91375770a,2910a60c-504c-4202-85b5-cb2a78ae958d
Sunrise (1926),232,1926,Sunrise,Raymond Longford,,102e5ca3-ee4a-4a1f-a469-3df91375770a,a1fb94cd-cc66-486e-99f6-e36629ae8ef7
The Hound of the Deep (1926),233,1926,The Hound of the Deep,Frank Hurley,,9711c875-1b41-4e1d-afbf-aeb3ff0b198f,07f293c9-87ea-4701-82e5-acc574f21a2e
Greenhide (1926),234,1926,Greenhide,Charles Chauvel,,a505d7ee-a818-47a4-98ff-7028e56bda1c,fe615a41-d007-40e8-8ea1-5194ca81e5be
Those Who Love (1926),235,1926,Those Who Love,P. J. Ramster,,399bb0bb-5807-477f-ac13-e383f1705af4,2e5496cb-c401-4efc-a5b2-9a1eb4196603
Those Who Love (1926),235,1926,Those Who Love,Paulette McDonagh,,399bb0bb-5807-477f-ac13-e383f1705af4,7b0c7ba2-6dcf-4edb-96fc-b56dab4ffbf5
Hills of Hate (1926),236,1926,Hills of Hate,Raymond Longford,,4cfd2819-3932-49dc-8408-c930a465183c,a1fb94cd-cc66-486e-99f6-e36629ae8ef7
Down Under (1927),237,1927,Down Under,Harry Southwell,,6b1b71b9-3cd0-4e53-a000-9a964c8c525e,2107fba1-b8e0-4d93-8629-613c024a94eb
The Kid Stakes (1927),238,1927,The Kid Stakes,Tal Ordell,,bcc37618-2d93-4f42-8f8b-d9009245532d,6a0e8bc9-19e9-426b-8fd9-ef03b0ad9809
For the Term of His Natural Life (1927),239,1927,For the Term of His Natural Life,Norman Dawn,,e4cc3d77-6f23-4b11-9986-5e07d6cc2871,8a4a2a45-8b36-407f-983a-da2a50e01403
Environment (1927),240,1927,Environment,Gerald M. Hayle,,ce28ece3-728b-406d-93ba-2efddc3e98f2,a2c37566-c7d2-4d73-8d42-9a617e8af2f7
The Rushing Tide (1927),241,1927,The Rushing Tide,Gerald M. Hayle,,4b356e9a-6a21-43cc-9376-00557128e983,a2c37566-c7d2-4d73-8d42-9a617e8af2f7
The Man Who Forgot (1927),242,1927,The Man Who Forgot,A. R. Harwood,,716b31a8-940c-4259-bcd0-c8cb38574d07,484843b9-ea1e-43ef-9360-897357ab880e
The Miner's Daughter (1927),243,1927,The Miner's Daughter,Leo Forbert,,c7cc2a22-6323-487c-8de9-844fb7c7efe0,b8d154f9-4bb8-455f-97a4-5fa37deaa7b4
The Romance of Runnibede (1928),244,1928,The Romance of Runnibede,Scott R. Dunlap,,a4786393-b5c3-4cf0-baa2-cb178b3c0abd,bd123f67-cca6-4539-a9bc-2e865ffd4163
The Shattered Illusion (1928),245,1928,The Shattered Illusion,A. G. Harbrow,,5a3b23cd-c1ec-40b5-b371-a7bb60a833b8,184534c6-7745-4b40-93ad-2422b43fea5e
The Menace (1928),246,1928,The Menace,Cyril J. Sharpe,,53decfc5-5ea9-40c9-966c-2aeeee9b4646,f9abce3d-2fc4-4b23-b021-729f8cde57fa
The Spirit of Gallipoli (1928),247,1928,The Spirit of Gallipoli,Keith Gategood,,f27a85f2-0d32-406b-bf4d-a17e5d11b18a,1a1dacd8-911b-4a36-bc2b-a21dc7f69685
The Spirit of Gallipoli (1928),247,1928,The Spirit of Gallipoli,William Green,,f27a85f2-0d32-406b-bf4d-a17e5d11b18a,ca9e501f-6e9d-454d-9b43-d2670fee28f1
Trooper O'Brien (1928),248,1928,Trooper O'Brien,John Gavin,,f7d09375-4e49-4323-8244-86f9f5c5f9ac,34959d3a-45d2-494c-bd95-021251edd35e
The Adorable Outcast (1928),249,1928,The Adorable Outcast,Norman Dawn,,473b543b-1f99-4836-8eeb-0e5d9b1a0715,8a4a2a45-8b36-407f-983a-da2a50e01403
Caught in the Net (1928),250,1928,Caught in the Net,Vaughan C. Marshall,,9b0ab636-55cd-4f07-ab01-4a68efc11d8e,bda8e12a-e2a5-4075-a225-fc65b8dbd4c8
The Far Paradise (1928),251,1928,The Far Paradise,Paulette McDonagh,,45819555-96d9-405c-8e84-76d481d7f73b,7b0c7ba2-6dcf-4edb-96fc-b56dab4ffbf5
The Grey Glove (1928),252,1928,The Grey Glove,Dunstan Webb,,80e1db89-69ac-4b05-b575-b24e9a2af6e2,f8cbf10f-0455-478f-9c5d-4b782afe75c9
The Birth of White Australia (1928),253,1928,The Birth of White Australia,Phil K. Walsh,,a453872a-d901-4682-972a-d81e78c4642a,36817837-374b-4b9a-b765-c176df3989ec
The Exploits of the Emden (1928),254,1928,The Exploits of the Emden,Ken G. Hall,,130552ee-64ae-4691-bec5-775a9e31baa5,950fdb76-ea1f-4002-a462-2d7e2ce39b1e
The Exploits of the Emden (1928),254,1928,The Exploits of the Emden,Louis Ralph,,130552ee-64ae-4691-bec5-775a9e31baa5,0f730852-98f6-4e9c-a6b9-64feff84ee0a
The Russell Affair (1928),255,1928,The Russell Affair,P. J. Ramster,,e858b843-a27d-4044-a97a-228c9465db22,2e5496cb-c401-4efc-a5b2-9a1eb4196603
Odds On (1928),256,1928,Odds On,Arthur Higgins,,d610f668-a144-47fe-b903-0ef0674a32d1,1246da32-9e0a-4c7c-8248-4370078ed5d6
The Devil's Playground (1928),257,1928,The Devil's Playground,Victor Bindley,,b9b04846-ea65-48ea-9f16-5fe1eae53da9,26564973-11a1-4f4e-a106-7bdbd1764078
The Kingdom of Twilight (1929),258,1929,The Kingdom of Twilight,Alexander MacDonald,,4e464026-4405-4791-bf3b-04e2ee3f8681,d77fc6b4-3221-468d-abef-3f2c2da6c67e
Tiger Island (1930),259,1930,Tiger Island,Gerald M. Hayle,,0a0f9f34-066a-4631-a3dc-136fc3646f65,a2c37566-c7d2-4d73-8d42-9a617e8af2f7
The Cheaters (1930),260,1930,The Cheaters,Paulette McDonagh,,b4ec3402-3dbc-41d5-9fd2-9a3dd3567d3e,7b0c7ba2-6dcf-4edb-96fc-b56dab4ffbf5
Fellers (1930),261,1930,Fellers,Arthur Higgins,,9d0d943d-25b8-4a69-bce2-629b267acd5b,1246da32-9e0a-4c7c-8248-4370078ed5d6
Fellers (1930),261,1930,Fellers,Austin Fay,,9d0d943d-25b8-4a69-bce2-629b267acd5b,2039e686-2bd7-4054-a24f-5efb03b40d81
Spur of the Moment (1931),262,1931,Spur of the Moment,A. R. Harwood,50.0,32383cca-b1e8-47f0-bd07-0e0fd92d3b3c,484843b9-ea1e-43ef-9360-897357ab880e
Isle of Intrigue (1931),263,1931,Isle of Intrigue,A. R. Harwood,50.0,ecc80310-311e-4123-a467-989046009b55,484843b9-ea1e-43ef-9360-897357ab880e
Diggers (1931),264,1931,Diggers,F. W. Thring,61.0,6bf19823-c1c0-477b-bc9b-390bdb9ec14b,50d71cb7-d2c5-4476-b6ab-13dbc7d29c3a
Showgirl's Luck (1931),265,1931,Showgirl's Luck,Norman Dawn,55.0,14ab64ef-216b-44f6-a471-8d6eb40fb76b,8a4a2a45-8b36-407f-983a-da2a50e01403
The Sentimental Bloke (1932),266,1932,The Sentimental Bloke,F. W. Thring,92.0,6796cf02-ed66-4c72-9db1-516871ab5cf3,50d71cb7-d2c5-4476-b6ab-13dbc7d29c3a
On Our Selection (1932),267,1932,On Our Selection,Ken G. Hall,99.0,5a7b405e-4172-4897-a5cc-e1148ae8803e,950fdb76-ea1f-4002-a462-2d7e2ce39b1e
His Royal Highness (1932),268,1932,His Royal Highness,F. W. Thring,84.0,14e4f9ee-8f98-4d74-9af6-97bb7dfffdfd,50d71cb7-d2c5-4476-b6ab-13dbc7d29c3a
Diggers in Blighty (1933),269,1933,Diggers in Blighty,Pat Hanna,72.0,89a045e5-f0fa-4ae5-ad2b-037f7282acc1,d2fe9fec-1e62-47be-a343-35e7d63dde7b
Harmony Row (1933),270,1933,Harmony Row,F. W. Thring,78.0,a511a410-4bd5-4ff3-8d10-81dd7e5e6520,50d71cb7-d2c5-4476-b6ab-13dbc7d29c3a
In the Wake of the Bounty (1933),271,1933,In the Wake of the Bounty,Charles Chauvel,66.0,2dc21e2e-9ed1-4160-8e8e-2f2db494a4eb,fe615a41-d007-40e8-8ea1-5194ca81e5be
The Squatter's Daughter (1933),272,1933,The Squatter's Daughter,Ken G. Hall,104.0,20d1bd1a-c9bc-4d82-85bc-9064cfa7ee31,950fdb76-ea1f-4002-a462-2d7e2ce39b1e
Two Minutes Silence (1933),273,1933,Two Minutes Silence,Paulette McDonagh,75.0,7fd363c0-554f-459f-9cf2-3e61cfa565c0,7b0c7ba2-6dcf-4edb-96fc-b56dab4ffbf5
Waltzing Matilda (1933),274,1933,Waltzing Matilda,Pat Hanna,77.0,8f7fcd0b-4b7a-4260-b05f-acbe0c62664f,d2fe9fec-1e62-47be-a343-35e7d63dde7b
The Hayseeds (1933),275,1933,The Hayseeds,Beaumont Smith,98.0,1d4ce644-160c-4aae-8142-c6158cc018d3,d417a378-09ed-48e1-98b4-b1a03ff9c126
A Ticket in Tatts (1934),276,1934,A Ticket in Tatts,F. W. Thring,88.0,f3de0e2b-7944-4457-9635-4481bd80b776,50d71cb7-d2c5-4476-b6ab-13dbc7d29c3a
Secret of the Skies (1934),277,1934,Secret of the Skies,A. R. Harwood,56.0,a37b6427-eeb0-458c-a7af-ad9ac389faa7,484843b9-ea1e-43ef-9360-897357ab880e
The Silence of Dean Maitland (1934),278,1934,The Silence of Dean Maitland,Ken G. Hall,97.0,c7add87e-9a09-4f4b-96d2-6acc4275940b,950fdb76-ea1f-4002-a462-2d7e2ce39b1e
The Man They Could Not Hang (1934),279,1934,The Man They Could Not Hang,Raymond Longford,78.0,7e5c7c97-cfc6-4b31-b8bf-842949a6cef7,a1fb94cd-cc66-486e-99f6-e36629ae8ef7
When the Kellys Rode (1934),280,1934,When the Kellys Rode,Harry Southwell,79.0,34b4b2a8-3a89-4d1c-8d7f-154d03c66a07,2107fba1-b8e0-4d93-8629-613c024a94eb
Clara Gibbings (1934),281,1934,Clara Gibbings,F. W. Thring,81.0,faae331e-7458-4eb7-9fb9-54858e60ec73,50d71cb7-d2c5-4476-b6ab-13dbc7d29c3a
Strike Me Lucky (1934),282,1934,Strike Me Lucky,Ken G. Hall,87.0,557b15a3-21a3-4f70-8c89-189b8b360632,950fdb76-ea1f-4002-a462-2d7e2ce39b1e
Splendid Fellows (1934),283,1934,Splendid Fellows,Beaumont Smith,84.0,c6efaf5e-f71e-431b-8c36-130f92e1b56b,d417a378-09ed-48e1-98b4-b1a03ff9c126
The Streets of London (1934),284,1934,The Streets of London,F. W. Thring,85.0,53d73d6f-02d9-4e8b-ae19-6c8dad84a7e6,50d71cb7-d2c5-4476-b6ab-13dbc7d29c3a
Grandad Rudd (1935),285,1935,Grandad Rudd,Ken G. Hall,90.0,c1b0fc84-fc88-419b-870c-ec5061684edc,950fdb76-ea1f-4002-a462-2d7e2ce39b1e
Heritage (1935),286,1935,Heritage,Charles Chauvel,94.0,84619fbd-9def-4a3e-bacb-0ad5166de428,fe615a41-d007-40e8-8ea1-5194ca81e5be
The Burgomeister (1935),287,1935,The Burgomeister,Harry Southwell,56.0,40f02f63-f121-42c2-a5d5-6e8cd3f148ed,2107fba1-b8e0-4d93-8629-613c024a94eb
Thoroughbred (1936),288,1936,Thoroughbred,Ken G. Hall,89.0,2a6e9abe-483b-42f7-abc8-a228599b1602,950fdb76-ea1f-4002-a462-2d7e2ce39b1e
The Flying Doctor (1936),289,1936,The Flying Doctor,Miles Mander,92.0,3ef4518f-fe1a-4e91-88c3-96d1a2cd09ff,6e13e28e-5501-4f21-9278-b9aacdcec883
Uncivilised (1936),290,1936,Uncivilised,Charles Chauvel,82.0,1c3255da-05a5-44ae-b8da-58171a039b82,fe615a41-d007-40e8-8ea1-5194ca81e5be
White Death (1936),291,1936,White Death,Edwin G. Bowen,81.0,357e509a-ac44-4586-8c25-dae26487746d,306d22c4-c406-4a36-97f2-a0c96a917c44
Orphan of the Wilderness (1936),292,1936,Orphan of the Wilderness,Ken G. Hall,85.0,60f4cf54-8241-45c0-b0c1-a32ca9564716,950fdb76-ea1f-4002-a462-2d7e2ce39b1e
Rangle River (1936),293,1936,Rangle River,Clarence Badger,86.0,2750ad0c-a34c-4b66-ae7a-d9f90d639bfc,190c7522-e3fa-46cf-a3f0-8ca7d4020fce
It Isn't Done (1937),294,1937,It Isn't Done,Ken G. Hall,90.0,2fd4aabc-a7e8-4dea-8b6c-0683a0cfd57e,950fdb76-ea1f-4002-a462-2d7e2ce39b1e
Mystery Island (1937),295,1937,Mystery Island,J. A. Lipman,56.0,43ba4970-d567-45f3-8bc0-e5f4888f01c8,6017f4bd-7c91-4f45-93b8-2b7f4cce8082
Phantom Gold (1937),296,1937,Phantom Gold,Rupert Kathner,64.0,8d841e07-b044-4462-88e3-aaa9a58b64f1,dd6a4937-d8f6-4083-830f-aa983c4701b5
Tall Timbers (1937),297,1937,Tall Timbers,Ken G. Hall,89.0,b9eadad4-6f6d-4f53-a250-4984cac83c1d,950fdb76-ea1f-4002-a462-2d7e2ce39b1e
The Avenger (1937),298,1937,The Avenger,A. R. Harwood,55.0,ab0930ac-6cce-4252-9455-d8aa12efea8b,484843b9-ea1e-43ef-9360-897357ab880e
Lovers and Luggers (1937),299,1937,Lovers and Luggers,Ken G. Hall,99.0,c88390b8-815b-459e-b4f3-a80028637b12,950fdb76-ea1f-4002-a462-2d7e2ce39b1e
The Broken Melody (1938),300,1938,The Broken Melody,Ken G. Hall,89.0,551b1cc0-1e09-49e5-9fd3-efa72a9aa6ba,950fdb76-ea1f-4002-a462-2d7e2ce39b1e
Let George Do It (1938),301,1938,Let George Do It,Ken G. Hall,79.0,b77fb05c-d422-4d50-bd99-a12be5084bee,950fdb76-ea1f-4002-a462-2d7e2ce39b1e
Show Business (1938),302,1938,Show Business,A. R. Harwood,90.0,6087aab8-8a7b-402c-8095-71e0285efb51,484843b9-ea1e-43ef-9360-897357ab880e
Typhoon Treasure (1938),303,1938,Typhoon Treasure,Noel Monkman,89.0,4d8af463-4e73-4c40-8428-9fc0671d69ff,8f8cd971-e7c8-4410-8c65-3cbd732915f2
Dad and Dave Come to Town (1938),304,1938,Dad and Dave Come to Town,Ken G. Hall,97.0,aa2b9c26-b45d-4d94-bb22-a7b3139c2f6b,950fdb76-ea1f-4002-a462-2d7e2ce39b1e
Below the Surface (1938),305,1938,Below the Surface,Rupert Kathner,55.0,cf991780-c111-43c4-adb9-77c10e03d153,dd6a4937-d8f6-4083-830f-aa983c4701b5
Mr Chedworth Steps Out (1939),306,1939,Mr Chedworth Steps Out,Ken G. Hall,92.0,3bbd9df5-e309-470a-9275-bb113bb3355d,950fdb76-ea1f-4002-a462-2d7e2ce39b1e
Gone to the Dogs (1939),307,1939,Gone to the Dogs,Ken G. Hall,83.0,c1a07025-6fd1-4ca0-8fae-e5718ec59b9e,950fdb76-ea1f-4002-a462-2d7e2ce39b1e
Come Up Smiling (1939),308,1939,Come Up Smiling,William Freshman,77.0,a7155983-29b8-4294-9d74-30c87bbd58a5,3a175dae-487c-4825-9a0e-83cb2cce7f08
Seven Little Australians (1939),309,1939,Seven Little Australians,Arthur Greville Collins,63.0,cd284034-9b0b-4a51-9310-e7c743c1d9bb,89ddd4cb-cceb-4129-b35d-ce553cda9b53
"Dad Rudd, M.P. (1940)",310,1940,"Dad Rudd, M.P.",Ken G. Hall,83.0,104e78a9-3b16-4292-8c00-35fd14b22cab,950fdb76-ea1f-4002-a462-2d7e2ce39b1e
Wings of Destiny (1940),311,1940,Wings of Destiny,Rupert Kathner,68.0,c28161d1-b6e7-45bd-a109-d658db59b249,dd6a4937-d8f6-4083-830f-aa983c4701b5
Forty Thousand Horsemen (1940),312,1940,Forty Thousand Horsemen,Charles Chauvel,101.0,23541020-765b-437a-9fee-99538fba1749,fe615a41-d007-40e8-8ea1-5194ca81e5be
That Certain Something (1941),313,1941,That Certain Something,Clarence Badger,90.0,02f2b0bd-3d48-47fb-92e4-6246a5cfa328,190c7522-e3fa-46cf-a3f0-8ca7d4020fce
The Power and the Glory (1941),314,1941,The Power and the Glory,Noel Monkman,93.0,872071fe-fda7-42b2-af3d-26949ed62c9d,8f8cd971-e7c8-4410-8c65-3cbd732915f2
Racing Luck (1941),315,1941,Racing Luck,Rupert Kathner,66.0,bfccb9a7-03bc-4e84-a8df-03cf7a20d29f,dd6a4937-d8f6-4083-830f-aa983c4701b5
A Yank in Australia (1942),316,1942,A Yank in Australia,Alf Goulding,65.0,2db1b3bc-3d9a-41c1-9c34-411297eed5cb,c30bd291-94f1-4fb8-bef1-297982f0180e
The Rats of Tobruk (1944),317,1944,The Rats of Tobruk,Charles Chauvel,95.0,c418c798-8068-4122-b97b-71ac3602acf0,fe615a41-d007-40e8-8ea1-5194ca81e5be
Red Sky at Morning (1944),318,1944,Red Sky at Morning,Hartney Arthur,,f125470b-307f-42c3-b0cf-29fbf87050d7,baa4e282-ffd0-4a4a-8d56-c2a4f7426baf
Harvest Gold (1945),319,1945,Harvest Gold,Mervyn Murphy,55.0,3f0b4aed-0b13-4fdb-b2b0-bcb8ce8041ac,f7b28eeb-bcaa-4afd-bbc8-552dc3294888
Smithy (1946),320,1946,Smithy,Ken G. Hall,119.0,ed5a4c57-3132-4d0d-83e8-0feb10334d22,950fdb76-ea1f-4002-a462-2d7e2ce39b1e
A Son is Born (1946),321,1946,A Son is Born,Eric Porter,85.0,10e9e707-6a66-4edf-9dc2-8490d0b6a303,d0abce71-3ce0-47a2-864d-ef71483d9f0d
The Overlanders (1946),322,1946,The Overlanders,Harry Watt,91.0,559476ef-fc20-419a-87cf-8a6920ef5e19,c5345992-20d5-43b8-a6e5-bc742ba8bcd3
Bush Christmas (1947),323,1947,Bush Christmas,Ralph Smart,76.0,1cd8842d-c588-46ba-bd84-a1187e97294d,c0508abb-51fb-45d0-9b78-615645628d99
Always Another Dawn (1947),324,1947,Always Another Dawn,T. O. McCreadie,108.0,4420d379-9c05-49ca-ab91-29da5c525e77,18dc2cac-cf83-4340-9132-fe0c7f3bfa9b
Eureka Stockade (1949),325,1949,Eureka Stockade,Harry Watt,102.0,b025582f-5246-4e60-bc41-5346446fc5ee,c5345992-20d5-43b8-a6e5-bc742ba8bcd3
Strong is the Seed (1949),326,1949,Strong is the Seed,Arthur Greville Collins,80.0,e7c9b141-c471-47f0-933d-6191143b5be5,89ddd4cb-cceb-4129-b35d-ce553cda9b53
Into the Straight (1949),327,1949,Into the Straight,T. O. McCreadie,82.0,ce362134-06f4-4892-95ea-35ec58bc1b63,18dc2cac-cf83-4340-9132-fe0c7f3bfa9b
Sons of Matthew (1949),328,1949,Sons of Matthew,Charles Chauvel,107.0,0698f9d1-43a5-4331-962f-e5b5e56af413,fe615a41-d007-40e8-8ea1-5194ca81e5be
Bitter Springs (1950),329,1950,Bitter Springs,Ralph Smart,86.0,971f16cb-3834-4814-9a20-2b61c25496b4,c0508abb-51fb-45d0-9b78-615645628d99
The Kangaroo Kid (1950),330,1950,The Kangaroo Kid,Lesley Selander,72.0,c238a01f-6219-42c9-948a-96344f02b5f3,fed88b10-6a74-46a8-a89d-1025cdda1313
Wherever She Goes (1951),331,1951,Wherever She Goes,Michael S. Gordon,81.0,ddb357b0-45f2-4331-8b20-d47a8df4eb40,d0007315-d4d2-4bdc-816f-430b80d87ea0
The Glenrowan Affair (1951),332,1951,The Glenrowan Affair,Rupert Kathner,70.0,27533c3b-d69a-44f2-bde8-e6973eb78377,dd6a4937-d8f6-4083-830f-aa983c4701b5
Mike and Stefani (1952),333,1952,Mike and Stefani,R. Maslyn Williams,64.0,a8d394b6-c098-47da-9ab0-15ce46e8e22c,1f48251c-54b8-442f-bd0f-6e39b147e846
Kangaroo (1952),334,1952,Kangaroo,Lewis Milestone,85.0,c54ba752-b1b8-4046-bce7-37f45242a78a,c3323d32-4e8c-447d-886d-e1f6583e8dfc
Night Club (1952),335,1952,Night Club,A. R. Harwood,55.0,c1a2da82-602c-4e60-a7c3-c0ad284083cd,484843b9-ea1e-43ef-9360-897357ab880e
Captain Thunderbolt (1953),336,1953,Captain Thunderbolt,Cecil Holmes,69.0,db84ac77-5b04-498d-af7e-87b56d220c01,0ab71f63-d0b4-44e4-80c5-11996d12af30
The Phantom Stockman (1953),337,1953,The Phantom Stockman,Lee Robinson,67.0,27f0b2f2-c6bd-4aaf-b64e-6feae0a0d9c1,046937df-0b34-41f9-b6c3-f4197fd0bf92
King of the Coral Sea (1954),338,1954,King of the Coral Sea,Lee Robinson,85.0,6f0567f2-16e7-4ea9-a651-15ffd2eeda53,046937df-0b34-41f9-b6c3-f4197fd0bf92
The Back of Beyond (1954),339,1954,The Back of Beyond,John Heyer,66.0,4f4e98cc-cc25-4d4b-81af-49b9bc2de345,a14dbfcb-9038-4f22-bd7b-18c1fcda24ae
Long John Silver (1954),340,1954,Long John Silver,Byron Haskin,106.0,f1c7e5bd-c287-48c3-9fc9-7945ac6696e7,134d5c70-223c-48be-b27a-1f53240719ca
Jedda (1955),341,1955,Jedda,Charles Chauvel,101.0,e43e7642-203f-4992-95db-f54133f5680e,fe615a41-d007-40e8-8ea1-5194ca81e5be
Smiley (1956),342,1956,Smiley,Anthony Kimmins,97.0,5d91d47e-c087-420a-b32f-071bc474db99,804d5380-b662-4c2d-a34e-9b925b666d81
Walk into Paradise (1956),343,1956,Walk into Paradise,Lee Robinson,93.0,ebf3f6e6-d46d-4482-8592-694dfe2ea11d,046937df-0b34-41f9-b6c3-f4197fd0bf92
Walk into Paradise (1956),343,1956,Walk into Paradise,Marcel Pagliero,93.0,ebf3f6e6-d46d-4482-8592-694dfe2ea11d,7a967b48-dac8-40fa-b757-ed5a5f4b3fca
Three in One (1957),344,1957,Three in One,Cecil Holmes,89.0,ef862b79-6e41-4fda-8380-4169ed159b35,0ab71f63-d0b4-44e4-80c5-11996d12af30
The Shiralee (1957),345,1957,The Shiralee,Leslie Norman,103.0,9fe566d9-4c4a-495e-8596-e5515decbb9a,36854f7b-e0f5-4fb3-932d-21f2725adc05
Robbery Under Arms (1957),346,1957,Robbery Under Arms,Jack Lee,104.0,8a927778-d528-47b5-bec0-451cccc82b0d,6518abeb-04e5-4fca-8387-4fbb1a120d8a
The Stowaway (1958),347,1958,The Stowaway,Lee Robinson,93.0,b4be2ffd-d46f-42ed-be5b-f4be1f40fb32,046937df-0b34-41f9-b6c3-f4197fd0bf92
The Stowaway (1958),347,1958,The Stowaway,Ralph Habib,93.0,b4be2ffd-d46f-42ed-be5b-f4be1f40fb32,659470dc-c4fb-40ed-b53c-1f4515202ce0
Smiley Gets a Gun (1958),348,1958,Smiley Gets a Gun,Anthony Kimmins,90.0,59627109-d51d-4eb4-97f3-bf3449779188,804d5380-b662-4c2d-a34e-9b925b666d81
Dust in the Sun (1958),349,1958,Dust in the Sun,Lee Robinson,86.0,f67ba436-74f8-4c25-a29f-2d44208de53c,046937df-0b34-41f9-b6c3-f4197fd0bf92
The Restless and the Damned (1959),350,1959,The Restless and the Damned,Yves Allegret,98.0,10ebc09d-f54d-4e00-8389-2b04ac49c230,a5a7e35c-4e17-47f5-ad94-79a9c271233c
Summer of the Seventeenth Doll (1959),351,1959,Summer of the Seventeenth Doll,Leslie Norman,94.0,985e5ddb-140b-41d3-a7f2-4c2f759a7904,36854f7b-e0f5-4fb3-932d-21f2725adc05
On the Beach (1959),352,1959,On the Beach,Stanley Kramer,134.0,7952a4c4-92df-4a68-9aa8-9e0adf4c42ce,a7c92ab6-71cf-4783-9a84-3beb433d1032
The Siege of Pinchgut (1959),353,1959,The Siege of Pinchgut,Harry Watt,104.0,b3f61f60-cb65-4843-a1c3-d08c6c5bb70b,c5345992-20d5-43b8-a6e5-bc742ba8bcd3
Shadow of the Boomerang (1960),354,1960,Shadow of the Boomerang,Dick Ross,98.0,e5e2bc2d-239f-4871-8f13-fd836238051b,005bc095-ffc1-41d3-9afa-e814d9d9d179
The Sundowners (1960),355,1960,The Sundowners,Fred Zinnemann,133.0,1a3c4415-fefe-487f-bdae-fa4ef1a611c8,6c3d8363-5689-4594-987d-4ec4d4c48d7c
Bungala Boys (1961),356,1961,Bungala Boys,Jim Jeffrey,61.0,970788ac-b539-4c7c-9408-43694b712915,43f8a378-ac42-4e36-97e7-bd1cfc116091
They Found a Cave (1962),357,1962,They Found a Cave,Andrew Steane,63.0,5870dc0e-fe8d-4189-83e0-624dc5821642,8203f4c8-ea66-4d1a-b59d-739e8b0801c1
Clay (1965),358,1965,Clay,Giorgio Mangiamele,85.0,e4a7386d-848f-4972-98aa-b797ab626fbf,84a258a5-a627-44a9-bcdc-f46cc7c9a7ff
Funny Things Happen Down Under (1965),359,1965,Funny Things Happen Down Under,Joe McCormick,54.0,d9c61501-25ff-4d69-a7a2-a4e651e11045,350b0f01-766a-4a55-a65d-12df5f7fcf6e
They're a Weird Mob (1966),360,1966,They're a Weird Mob,Michael Powell,112.0,655d878c-3a0a-4bec-ab7e-cfa600d1b7d8,aac8b228-29d1-4787-976d-6501f6f9c53e
Pudding Thieves (1967),361,1967,Pudding Thieves,Brian Davies,54.0,7c2eb00e-f39d-4d97-b81a-d010632cd616,67901b52-d609-4cf3-a704-9f4949eb7536
Journey Out of Darkness (1967),362,1967,Journey Out of Darkness,James Trainor,92.0,66110ebd-dde8-479d-bf1e-c3051a638b38,fe33868f-7f13-4578-a221-a2297b3120bc
Time in Summer (1968),363,1968,Time in Summer,Ludwik Dutkiewicz,64.0,1a2f4692-aeda-4d90-8dc0-8e64b3c42e14,c5fb3e3e-e49f-42ea-823b-82310fc59804
Koya No Toseinin (1968),364,1968,Koya No Toseinin,Junya Sato,107.0,b2eec009-540a-4592-9ffc-1f906e7b99bb,42967428-3d2b-4ec5-b958-5c65078d4954
Moeru Tairiku (1968),365,1968,Moeru Tairiku,Shogoro Nishimura,101.0,8506fa09-fd32-4172-adbe-b5d7f783bd39,cc83fa3f-5f19-4ce7-83d7-214685f5fa15
You Can't See ‘Round Corners (1969),366,1969,You Can't See ‘Round Corners,David Cahill,98.0,984497ac-9d09-4ad6-add8-5f23bcd9edc5,6691b72c-1006-48ec-beff-9d8ea1e3380d
Age of Consent (1969),367,1969,Age of Consent,Michael Powell,105.0,48f464d0-6893-43ee-9845-8bdbdf8e7ccc,aac8b228-29d1-4787-976d-6501f6f9c53e
Two Thousand Weeks (1969),368,1969,Two Thousand Weeks,Tim Burstall,89.0,042a7234-2e27-41c5-89ee-098bb1721b18,9238a2cc-3aa0-4aa8-8bc4-1414b7e1b2cf
It Takes All Kinds (1969),369,1969,It Takes All Kinds,Eddie Davis,98.0,3a1d5602-75f2-4862-b31f-fc0ac5e2d6e1,05d3d83b-4882-40bc-aded-71fe338a3e6d
The Intruders (1969),370,1969,The Intruders,Lee Robinson,100.0,817a62a8-9a47-4516-abcb-59f29104950c,046937df-0b34-41f9-b6c3-f4197fd0bf92
The Set (1970),371,1970,The Set,Frank Brittain,102.0,cfadf4ce-316b-485f-a01b-207c401dc67d,797d300c-eff3-4897-abfa-35bc5904c4dc
Squeeze a Flower (1970),372,1970,Squeeze a Flower,Marc Daniels,106.0,96d899b6-e8e6-4abc-95b0-e051fc3c2fe9,dfee4a5d-7f35-4d9f-8857-31d9d03564f9
Jack and Jill: a postscript (1970),373,1970,Jack and Jill: a postscript,Phillip Adams,67.0,40e85508-5f95-4e80-90c4-d7c19e09ff77,e4d015b8-61c5-49e4-b940-9806f7c407bc
Jack and Jill: a postscript (1970),373,1970,Jack and Jill: a postscript,Brian Robinson,67.0,40e85508-5f95-4e80-90c4-d7c19e09ff77,e69e7c01-6217-4a4c-af7b-2cbf2eaef86c
Color Me Dead (1970),374,1970,Color Me Dead,Eddie Davis,95.0,70bab9b9-ec7e-4116-b8b9-3750d72de3b0,05d3d83b-4882-40bc-aded-71fe338a3e6d
Nothing Like Experience (1970),375,1970,Nothing Like Experience,Peter Carmody,50.0,7126e46e-bf15-46e8-a029-2bcb70f6bf90,8d66066b-3798-49dc-bb11-a7049c00d323
Adam's Woman (1970),376,1970,Adam's Woman,Philip Leacock,115.0,5cbbd683-1976-486f-9423-c7e9eddcc026,e208d732-0c61-4161-9664-1643d54fae8c
Beyond Reason (1970),377,1970,Beyond Reason,Giorgio Mangiamele,84.0,cdd03824-add1-43b6-aebe-76749fad3259,84a258a5-a627-44a9-bcdc-f46cc7c9a7ff
Dead Easy (1970),378,1970,Dead Easy,Nigel Buesst,53.0,ae3cfb0a-7a5a-4551-b9ad-d0dfd9277197,cf283be4-d8f9-4316-a129-6dae57c7f5ef
Ned Kelly (1970),379,1970,Ned Kelly,Tony Richardson,103.0,4109fc56-5450-4fbb-a4a3-edf0cc055abd,ede46a2e-74b3-4380-8c85-62f6b2b7de8c
Strange Holiday (1970),380,1970,Strange Holiday,Mende Brown,75.0,6a5a671b-fc0f-42ff-b9cc-7dd4c69d0e5e,c7aaa20a-2eac-4bbc-a4d1-71a3eb7fb9d3
Little Jungle Boy (1970),381,1970,Little Jungle Boy,Mende Brown,76.0,2c4dbb57-9293-4a7f-8c26-f62e50171c94,c7aaa20a-2eac-4bbc-a4d1-71a3eb7fb9d3
The Naked Bunyip (1970),382,1970,The Naked Bunyip,John B. Murray,136.0,4bb88d1a-3984-46e7-99eb-803a749d7ae1,32742c19-60df-4267-8d37-a96efe173e4a
That Lady from Peking (1970),383,1970,That Lady from Peking,Eddie Davis,86.0,76ce51d2-7427-4a8c-ad2b-6c89a5a9a1de,05d3d83b-4882-40bc-aded-71fe338a3e6d
Sympathy in Summer (1971),384,1971,Sympathy in Summer,Antony I. Ginnane,88.0,bdda8e05-ba07-47e4-915a-0fbf5aa6c64f,cb6ca8a1-70ca-4bd4-92aa-471fe199bbfc
Three to Go (1971),385,1971,Three to Go,Peter Weir,89.0,d4892874-ef3a-478c-bcc9-544fce2f4f97,c5d53fce-8b3e-4f2d-b79e-2f35c51a725d
Three to Go (1971),385,1971,Three to Go,Brian Hannant,89.0,d4892874-ef3a-478c-bcc9-544fce2f4f97,c6c82df1-254f-4dd7-98c2-efc70bbb3cd6
Three to Go (1971),385,1971,Three to Go,Oliver Howes,89.0,d4892874-ef3a-478c-bcc9-544fce2f4f97,684d56aa-cb33-4452-a12c-f3af1555abed
Nickel Queen (1971),386,1971,Nickel Queen,John McCallum,89.0,29ab4941-d71b-4d81-a4e3-81889b289e9e,5415c1ff-dbef-4a7c-adf0-b34d60de0362
Demonstrator (1971),387,1971,Demonstrator,Warwick Freeman,110.0,e5fa1c75-e1c8-4ea5-8825-ef4ead454444,64742863-3333-4c13-918e-a16dc525e9dc
Homesdale (1971),388,1971,Homesdale,Peter Weir,50.0,f328d7fc-a83c-4b56-9b08-d12124bb004b,c5d53fce-8b3e-4f2d-b79e-2f35c51a725d
Country Town (1971),389,1971,Country Town,Peter Maxwell,106.0,f8dc2b2d-0ce3-4fdd-9478-79751000f167,79e61572-1f63-40ef-ae81-12ea4491a6ab
Walkabout (1971),390,1971,Walkabout,Nicolas Roeg,100.0,6cf675bf-a59a-4c6f-80c5-3aad47d37bdb,9cf25e23-b5d6-4206-bba5-6b91b1aa305b
Wake in Fright (1971),391,1971,Wake in Fright,Ted Kotcheff,109.0,297c8a15-c0cf-43a4-a248-4fb2a52b5474,6e1dc95f-e1d4-4681-8fed-27e618a90752
And the Word was Made Flesh (1971),392,1971,And the Word was Made Flesh,Dusan Marek,65.0,07943009-ab39-4d1e-891e-0a60ea62b5cc,cf4e4dbe-63e1-42bf-8301-8c02777a4c78
Bonjour Balwyn (1971),393,1971,Bonjour Balwyn,Nigel Buesst,59.0,1435e0e3-670b-4472-91d4-8d388e8b29a5,cf283be4-d8f9-4316-a129-6dae57c7f5ef
Stockade (1971),394,1971,Stockade,Hans Pomeranz,90.0,bd112530-00d1-4754-a3e1-5308dfaec070,ca4a3895-3d66-4faa-9fba-af265f08f84a
Stork (1971),395,1971,Stork,Tim Burstall,90.0,335b9be7-583c-422f-9edc-a2aca6a5bce3,9238a2cc-3aa0-4aa8-8bc4-1414b7e1b2cf
Bello Onesto Emigrato Australia Sposerebbe Compaesana Illibata (1971),396,1971,Bello Onesto Emigrato Australia Sposerebbe Compaesana Illibata,Luigi Zampa,114.0,4227b38b-17df-4cd1-8926-5b8d04c975bb,4ea4e1ef-db40-4cea-9c71-a9c6cca9929f
A City's Child (1972),397,1972,A City's Child,Brian Kavanagh,80.0,2ed52495-a37f-45d8-a521-60918b1ab808,bfe70f82-d7fa-47dc-8e89-11f15ac1e3fa
Shirley Thompson versus the Aliens (1972),398,1972,Shirley Thompson versus the Aliens,Jim Sharman,104.0,eccc2dce-b021-4d27-8a07-91f7df4c4227,8c1b40e1-fdc9-468f-a4dc-8485d94dc238
Private Collection (1972),399,1972,Private Collection,Keith Salvat,92.0,2c5708a5-54be-4d83-997f-a1c1d189d684,566b86c0-5067-4d61-9c28-11839b38f7b8
The Adventures of Barry McKenzie (1972),400,1972,The Adventures of Barry McKenzie,Bruce Beresford,114.0,71466cb2-ae60-487c-8c1b-3e7f80cdaae8,2cc47785-0408-4213-9a48-93ef316fefa5
The Office Picnic (1972),401,1972,The Office Picnic,Tom Cowan,83.0,4b25072d-cf80-42d0-a9f1-978e0ba8030a,9d0c02b5-bbac-4881-98b2-8defd516a300
Sunstruck (1972),402,1972,Sunstruck,James Gilbert,92.0,1b25e1e2-e824-43b5-a1c6-4f20b9bed2eb,29fbde4a-5f2b-4623-997b-1c9f45815263
Marco Polo Jnr versus the Red Dragon (1972),403,1972,Marco Polo Jnr versus the Red Dragon,Eric Porter,80.0,637973c8-4d3f-4ebf-bc72-1cd31e2bb17b,d0abce71-3ce0-47a2-864d-ef71483d9f0d
Flashpoint (1972),404,1972,Flashpoint,Brian Hannant,56.0,2de65462-7b38-46da-9455-a8d7c0ff79e5,c6c82df1-254f-4dd7-98c2-efc70bbb3cd6
Gentle Strangers (1972),405,1972,Gentle Strangers,Cecil Holmes,58.0,f116b414-7a15-4b09-bee7-b8af0ef809bc,0ab71f63-d0b4-44e4-80c5-11996d12af30
Night of Fear (1973),406,1973,Night of Fear,Terry Bourke,54.0,7f1c5060-4882-48ce-8fb5-fcf97f1da29a,f6f5950a-b6e6-444e-9120-b4ac6f1b9054
Libido (1973),407,1973,Libido,John B. Murray,118.0,35b0bf33-fc2a-44e8-909a-2f3e762f0820,32742c19-60df-4267-8d37-a96efe173e4a
Libido (1973),407,1973,Libido,Tim Burstall,118.0,35b0bf33-fc2a-44e8-909a-2f3e762f0820,9238a2cc-3aa0-4aa8-8bc4-1414b7e1b2cf
Libido (1973),407,1973,Libido,Fred Schepisi,118.0,35b0bf33-fc2a-44e8-909a-2f3e762f0820,3b61f802-8e6b-4b96-b471-4b182e6dd4fa
Libido (1973),407,1973,Libido,David Baker,118.0,35b0bf33-fc2a-44e8-909a-2f3e762f0820,54639de3-b56c-45bc-b1eb-fb8c4a835034
The Sabbat of the Black Cat (1973),408,1973,The Sabbat of the Black Cat,Ralph Lawrence Marsden,80.0,9c1e71e7-4253-48f8-8bc0-61e7d0d799cc,667516a7-0505-426f-a184-fdd0719f5a17
An Essay on Pornography (1973),409,1973,An Essay on Pornography,Christopher Cary,82.0,cafdc29e-fa92-476e-b097-a827570e3f49,bd9e51a6-3027-47cf-923d-c5178aaa5bac
Lost in the Bush (1973),410,1973,Lost in the Bush,Peter Dodds,64.0,dbda8466-22ae-487a-a7e2-8ef71c95008e,bcbecd2d-2c3c-4796-96a8-58cfbd23a044
Don Quixote (1973),411,1973,Don Quixote,Rudolf Nureyev,111.0,d2a32781-cec2-403f-8783-413e0de93093,fac98ee5-34bb-4a46-b596-c04591c4272b
Don Quixote (1973),411,1973,Don Quixote,Robert Helpmann,111.0,d2a32781-cec2-403f-8783-413e0de93093,afb2500d-1222-4062-bbce-1d1ba653246b
Come Out Fighting (1973),412,1973,Come Out Fighting,Nigel Buesst,50.0,2d2faf84-efed-460e-a158-667f15c79a7d,cf283be4-d8f9-4316-a129-6dae57c7f5ef
Avengers of the Reef (1973),413,1973,Avengers of the Reef,Chris McCullugh,84.0,3136b472-3ffa-4bc7-982c-11139ad5f8bc,2c638720-e94c-409a-bc01-178e7dc1b432
Dalmas (1973),414,1973,Dalmas,Bert Deling,103.0,56e16620-c7f3-4684-8e42-2fdf401730e5,68a574c7-5991-47be-b8a3-551fbf2b8afb
Alvin Purple (1973),415,1973,Alvin Purple,Tim Burstall,97.0,646ff7b8-daf4-4688-aa17-d0273e70abe1,9238a2cc-3aa0-4aa8-8bc4-1414b7e1b2cf
Moving On (1974),416,1974,Moving On,Richard Mason,57.0,1a6272f6-6981-494c-9dbe-1ad34c2bd647,bf9cb035-3343-410a-86be-da8684c9469c
Matchless (1974),417,1974,Matchless,John Papadopoulos,55.0,b459f148-d49e-45a8-906f-80f0271d9a2a,b9ed2fae-4b3c-4635-b2ea-0a47d055c485
Number 96 (1974),418,1974,Number 96,Peter Benardos,113.0,0bd268d2-aa46-46ba-9aaa-ab55a1324b94,eaaf9a39-6e91-4bcd-89af-d2f67bd3652a
27A (1974),419,1974,27A,Esben Storm,86.0,0d041975-a5c2-469d-823c-fd6957694c6d,36b1ab45-c13f-419e-9015-8d33a2f8fa04
The Cars that Ate Paris (1974),420,1974,The Cars that Ate Paris,Peter Weir,91.0,ede27314-1395-4920-b214-e0f0ff713525,c5d53fce-8b3e-4f2d-b79e-2f35c51a725d
Stone (1974),421,1974,Stone,Sandy Harbutt,126.0,94105d0d-3416-40e9-836d-3cf5247e82ec,baa74bf2-69bd-4dbe-b9d8-e79ebbd3a71d
Yackety Yack (1974),422,1974,Yackety Yack,Dave Jones,86.0,60251e3a-adcf-48a6-b933-c22b5c594540,8a3efff0-4326-4940-91fc-febef5e46359
Petersen (1974),423,1974,Petersen,Tim Burstall,107.0,9eb03717-9fa2-4c18-877e-319abe4010e1,9238a2cc-3aa0-4aa8-8bc4-1414b7e1b2cf
Between Wars (1974),424,1974,Between Wars,Michael Thornhill,101.0,8a0e8fd5-8451-4c2e-b260-d2ad9a55e8e8,e318a8c8-1f4f-413d-8f85-9da054a0ea3d
Alvin Rides Again (1974),425,1974,Alvin Rides Again,David Bilcock,89.0,4e37dc89-56d6-4889-bc5e-5af775c48fc2,3fb8786e-0540-4caf-9533-4144cfa30119
Alvin Rides Again (1974),425,1974,Alvin Rides Again,Robin Copping,89.0,4e37dc89-56d6-4889-bc5e-5af775c48fc2,994a27c2-138a-4b0e-8e39-bd5cbfc16285
Barry McKenzie Holds His Own (1974),426,1974,Barry McKenzie Holds His Own,Bruce Beresford,98.0,254dd392-040c-4771-9c6d-caf30a06816c,2cc47785-0408-4213-9a48-93ef316fefa5
The Love Epidemic (1975),427,1975,The Love Epidemic,Brian Trenchard Smith,83.0,3a7c3d91-10ef-4547-958c-c79f6a299ca3,4c094ffb-f58f-4349-a18b-0b6611314b9d
The Firm Man (1975),428,1975,The Firm Man,John Duigan,100.0,39085fa9-24c0-44f0-99b6-bcd50f0c5131,ce2ba3c9-afb2-4768-a0b6-37213c5720aa
Promised Woman (1975),429,1975,Promised Woman,Tom Cowan,84.0,4e29ee65-934a-41f8-af36-07b0a483f5fa,9d0c02b5-bbac-4881-98b2-8defd516a300
The True Story of Eskimo Nell (1975),430,1975,The True Story of Eskimo Nell,Richard Franklin,103.0,596b93c9-98b6-4e48-bc67-b13ade9fce2b,07dbecdb-b684-443d-ace8-03277c586451
Sidecar Racers (1975),431,1975,Sidecar Racers,Earl Bellamy,100.0,96320da1-50b2-4d62-8f9c-270a3890c418,f9f2f20c-090e-4b91-84a6-179e0ed9cef0
Sunday Too Far Away (1975),432,1975,Sunday Too Far Away,Ken Hannam,94.0,0855a627-fd0a-4859-88a1-3829e5cb772f,f501fecf-69a1-46d4-882f-d2b4ef70e957
The Man from Hong Kong (1975),433,1975,The Man from Hong Kong,Brian Trenchard Smith,103.0,a9eb1e49-ffff-46cf-adc5-bacc65cc9967,4c094ffb-f58f-4349-a18b-0b6611314b9d
The Great MacArthy (1975),434,1975,The Great MacArthy,David Baker,93.0,7c1c3c49-3153-451e-a453-d8e88bc29c99,54639de3-b56c-45bc-b1eb-fb8c4a835034
The Box (1975),435,1975,The Box,Paul Eddey,100.0,a1d75f4e-9326-407f-b793-35f72becc5f9,e78d1e04-f537-4b12-abf4-652ca4fab48a
Picnic at Hanging Rock (1975),436,1975,Picnic at Hanging Rock,Peter Weir,115.0,cb97ec8c-7fb6-4c79-be7a-cd365c42f3d2,c5d53fce-8b3e-4f2d-b79e-2f35c51a725d
Pure S (1975),437,1975,Pure S,Bert Deling,83.0,5e4e4a85-e16a-42a6-b115-cf56dac71279,68a574c7-5991-47be-b8a3-551fbf2b8afb
The Golden Cage (1975),438,1975,The Golden Cage,Ayten Kuyululu,70.0,a8a4713b-b096-49cd-b660-f1ed7ea395e6,e4f50b73-af2b-41a4-aecf-db46abed6748
How Willingly You Sing (1975),439,1975,How Willingly You Sing,Garry Patterson,89.0,d7cfdc7b-3c67-45ce-af2b-dbf6fbceaa4b,0b92859f-bb58-4a0a-a600-b879f42e498c
Down the Wind (1975),440,1975,Down the Wind,Kim McKenzie,70.0,e0f2fa7b-ca0b-42f1-99c9-ec05c3b9ebae,5e799f84-ac7b-4bcc-8101-b0b06c5ac8ca
Down the Wind (1975),440,1975,Down the Wind,Scott Hicks,70.0,e0f2fa7b-ca0b-42f1-99c9-ec05c3b9ebae,6f5f34fa-85f3-493d-a204-cd4f1d9ba2f6
Plugg (1975),441,1975,Plugg,Terry Bourke,88.0,74e90455-b07e-465f-b1c4-e6134d67a18d,f6f5950a-b6e6-444e-9120-b4ac6f1b9054
Scobie Malone (1975),442,1975,Scobie Malone,Terry Ohlsson,98.0,721fc351-48cd-4f81-b36d-f8c82647d005,f0b736f3-6717-4ebe-978e-bbe499ee7495
The Removalists (1975),443,1975,The Removalists,Tom Jeffrey,93.0,fca873a0-fc38-4823-b4fe-892d80e9be4b,fb7e50d7-a391-4521-ade3-969c11d70f6b
Solo Flight (1975),444,1975,Solo Flight,Ian Mills,75.0,cabb0a71-29d5-47ea-9e2b-3a8d8f87e608,19bf54ae-cda6-4b2d-b37f-64063905e5f8
Protected (1975),445,1975,Protected,Alessandro Cavadini,55.0,2820a32b-f5d4-4d9f-9b06-06b50f7dfaac,8e831580-6e30-459d-b156-fb7a06c22b74
Inn of the Damned (1975),446,1975,Inn of the Damned,Terry Bourke,118.0,d2494444-4f4b-4af4-8ad0-f4acb7172240,f6f5950a-b6e6-444e-9120-b4ac6f1b9054
"Nuts, Bolts and Bedroom Springs (1975)",447,1975,"Nuts, Bolts and Bedroom Springs",Gary Young,72.0,17d68eb2-1c2e-49dc-88e0-77483a81f6cf,e855dd7b-51a7-48ec-80df-bfb101ae611c
The Lost Islands (1975),448,1975,The Lost Islands,Bill Hughes,73.0,70794e3a-ea6c-49fa-bf6c-b0f6683aa688,b577b72e-bd50-459a-94b6-0f91b6b8d08e
Ride a Wild Pony (1975),449,1975,Ride a Wild Pony,Don Chaffey,88.0,7cd5af33-69ce-4ccb-be5c-5149a13e7cd1,17f6e536-f666-4d1c-9d5e-5d1b4512c963
End Play (1976),450,1976,End Play,Tim Burstall,114.0,84e22d32-9989-485f-bdc0-1f6e2b5ed6af,9238a2cc-3aa0-4aa8-8bc4-1414b7e1b2cf
Caddie (1976),451,1976,Caddie,Donald Crombie,103.0,00c042ac-8e9a-4e7b-be62-70487b55d55f,60bc2e2e-63cf-4126-a29a-27616672ab61
Illuminations (1976),452,1976,Illuminations,Paul Cox,74.0,936a867d-9748-4415-9aac-f5eeb4abf69a,804e779c-2db8-4d07-ba2a-fc11a2119ba0
Betty Blokk-buster Follies (1976),453,1976,Betty Blokk-buster Follies,Peter Batey,120.0,b5691fbc-c84d-41c9-a692-8e8b4b74f61e,bcd85122-9da6-4272-b35b-a8597438f414
Mad Dog Morgan (1976),454,1976,Mad Dog Morgan,Philippe Mora,102.0,0f05f187-54c7-4767-95f6-1b6484edd510,8c716790-2fcb-491d-a5be-deb6ad4b0179
The Fourth Wish (1976),455,1976,The Fourth Wish,Don Chaffey,105.0,76e556be-9b7a-42bb-83a8-88d8913e9b68,17f6e536-f666-4d1c-9d5e-5d1b4512c963
Fantasm (1976),456,1976,Fantasm,Richard Bruce,90.0,fe88ac65-8371-4a30-8d17-0a6040449a53,edf5394e-66bc-4e4b-9d20-739a37e99746
Queensland (1976),457,1976,Queensland,John Ruane,52.0,1c186e39-557c-4052-be6a-68d375a73e74,40a4c7ed-da14-488b-ada4-579a942ccd20
Oz (1976),458,1976,Oz,Chris Löfven,103.0,7f866c8f-6517-4fb5-8d29-ec0f027a35bb,3a1514e8-f503-46e3-984d-076660c01094
The Devil's Playground (1976),459,1976,The Devil's Playground,Fred Schepisi,107.0,8d50abce-ff68-421d-a543-269fa397d4bb,3b61f802-8e6b-4b96-b471-4b182e6dd4fa
The Trespassers (1976),460,1976,The Trespassers,John Duigan,91.0,2cfc4881-7b0b-47c3-8701-1593375a9341,ce2ba3c9-afb2-4768-a0b6-37213c5720aa
Surrender in Paradise (1976),461,1976,Surrender in Paradise,Peter Cox,92.0,64b93794-b16c-4b55-8709-fa31dc4ae101,a02ab4bb-6913-4aef-bf76-87a7cffe61f0
Don's Party (1976),462,1976,Don's Party,Bruce Beresford,90.0,464301bc-6ded-4c2d-b806-27ca49dd89d9,2cc47785-0408-4213-9a48-93ef316fefa5
Storm Boy (1976),463,1976,Storm Boy,Henri Safran,87.0,e24204dd-7166-4523-a6de-a3bcde135565,cbea7c7d-2595-4f6c-9e9b-2048118fe8f0
Barney (1976),464,1976,Barney,David Waddington,84.0,b85fc63c-086b-4307-b427-e534faaf9c71,7c3a0679-81e2-4950-9824-0ce9c3819e8a
Deathcheaters (1976),465,1976,Deathcheaters,Brian Trenchard Smith,96.0,1d63de22-6219-4a0b-95b5-b1a2d71ad968,4c094ffb-f58f-4349-a18b-0b6611314b9d
Eliza Fraser (1976),466,1976,Eliza Fraser,Tim Burstall,127.0,db23dc11-6837-4ea6-9b9f-40b14bf93008,9238a2cc-3aa0-4aa8-8bc4-1414b7e1b2cf
Let The Balloon Go (1976),467,1976,Let The Balloon Go,Oliver Howes,78.0,1374b89d-4bbf-4c4d-9e25-d9cd340854d9,684d56aa-cb33-4452-a12c-f3af1555abed
Summer of Secrets (1976),468,1976,Summer of Secrets,Jim Sharman,102.0,9b6473d9-0a79-4376-a7f7-c02cbecd7bc5,8c1b40e1-fdc9-468f-a4dc-8485d94dc238
Break of Day (1976),469,1976,Break of Day,Ken Hannam,112.0,be6c9942-7666-47ed-8062-e06447a1d6a7,f501fecf-69a1-46d4-882f-d2b4ef70e957
Raw Deal (1977),470,1977,Raw Deal,Russell Hagg,94.0,be0dfaf2-6b42-445a-9074-accd84b20f45,b1378e00-51aa-464c-b927-8e3588ab0982
The Singer and the Dancer (1977),471,1977,The Singer and the Dancer,Gillian Armstrong,52.0,d19863c4-8f13-4d86-a7d5-17db1660e529,63dfcd77-e752-4bf8-bc1b-c6d7b1e950e8
The FJ Holden (1977),472,1977,The FJ Holden,Michael Thornhill,105.0,7fd0ae0f-a5a8-4b49-b30e-ec4b40c8151a,e318a8c8-1f4f-413d-8f85-9da054a0ea3d
The Picture Show Man (1977),473,1977,The Picture Show Man,John Power,98.0,70720213-1735-4905-a962-27d0252776b6,a833f78e-3606-4fb0-9502-02c966f2252d
Backroads (1977),474,1977,Backroads,Phillip Noyce,61.0,83ab6bbd-4821-48de-a636-c2b9a7fed989,da36f061-d675-4085-8626-ef7ea135d94b
Out of It (1977),475,1977,Out of It,Ken Cameron,50.0,9336661a-2b25-4a5f-b911-478cbabc35d5,92bb311d-6868-406b-9cb3-a590462c4e61
The Love-Letters from Teralba Road (1977),476,1977,The Love-Letters from Teralba Road,Stephen Wallace,50.0,0c612909-0c27-40cb-801e-7b88e6ae0473,c1f06987-69de-4082-9029-c208b81190ee
High Rolling (1977),477,1977,High Rolling,Igor Auzins,85.0,4cb17328-f0f4-403f-9d6a-164faf308f34,0dbc890c-0d20-4832-a45a-5b13df9efb08
The Getting of Wisdom (1977),478,1977,The Getting of Wisdom,Bruce Beresford,100.0,e18336fd-6734-4f71-8bd3-c9051545f356,2cc47785-0408-4213-9a48-93ef316fefa5
Journey Among Women (1977),479,1977,Journey Among Women,Tom Cowan,93.0,dd8ab158-7823-4be8-b908-9f4518c2a9ad,9d0c02b5-bbac-4881-98b2-8defd516a300
Listen to the Lion (1977),480,1977,Listen to the Lion,Henri Safran,52.0,afc39f40-e4b2-497c-b593-c4891fea9bb3,cbea7c7d-2595-4f6c-9e9b-2048118fe8f0
Summerfield (1977),481,1977,Summerfield,Ken Hannam,91.0,641eee97-d23b-4eaa-9ba7-779f9040d516,f501fecf-69a1-46d4-882f-d2b4ef70e957
Inside Looking Out (1977),482,1977,Inside Looking Out,Paul Cox,88.0,04d8898b-4d02-4dec-9824-c30b633a45b4,804e779c-2db8-4d07-ba2a-fc11a2119ba0
Blue Fire Lady (1977),483,1977,Blue Fire Lady,Ross Dimsey,96.0,100c1996-9fdd-4797-a0f4-652554251ec3,a3cb5def-1cc7-4c10-905a-a2ac5ab15e91
The Mango Tree (1977),484,1977,The Mango Tree,Kevin Dobson,104.0,cd7cfb61-7d9a-4359-9ab3-611950ddc981,c9f4119f-30c6-4fc0-b336-c665941f6150
Dot and the Kangaroo (1977),485,1977,Dot and the Kangaroo,Yoram Gross,86.0,9a894beb-1283-4d3e-b4bf-48224bc1e8bc,d0513d2e-c030-4647-89cd-766f2438c227
The Last Wave (1977),486,1977,The Last Wave,Peter Weir,106.0,47445354-49eb-46f3-9da9-54d0f8d615d5,c5d53fce-8b3e-4f2d-b79e-2f35c51a725d
Summer City (1977),487,1977,Summer City,Christopher Fraser,85.0,7cd51e9c-568c-47c9-a073-58eae650718a,af590a9e-8a9c-4ea8-a3e6-e44efa1fd803
Fantasm Comes Again (1977),488,1977,Fantasm Comes Again,Eric Ram,94.0,471a1e65-5517-4553-a238-98786c829aa2,ee10610a-339c-4641-ae9f-0d5a7a5f26ef
